article_id,score
1,0
4,0
7,0
8,0
9,0
13,0
17,0
19,0
20,0
23,0
25,0
35,0
37,0
40,0
42,0
43,0
47,0
49,0
50,0
58,0
63,0
65,0
68,0
69,0
74,0
87,0
88,0
96,0
97,0
101,0
105,0
108,0
112,0
113,0
114,0
115,0
116,0
118,0
121,0
122,0
125,0
128,0
135,0
137,0
138,0
141,0
143,0
146,0
147,0
150,0
156,0
161,0
167,0
168,0
171,0
175,0
176,0
177,0
186,0
189,0
190,0
194,0
196,0
198,0
201,0
204,0
207,0
223,0
229,0
234,0
236,0
238,0
241,0
251,0
252,0
257,0
271,0
272,0
273,0
275,0
278,0
281,0
283,0
296,0
299,0
301,0
306,0
309,0
312,0
317,0
318,0
323,0
327,0
329,0
332,0
335,0
341,0
343,0
344,0
345,0
348,0
350,0
351,0
354,0
355,0
359,0
360,0
363,0
368,0
374,0
375,0
378,0
379,0
388,0
389,0
395,0
398,0
402,0
404,0
409,0
410,0
413,0
415,0
418,0
426,0
429,0
431,0
434,0
440,0
446,0
447,0
454,0
457,0
460,0
462,0
467,0
469,0
470,0
477,0
478,0
480,0
481,0
483,0
484,0
485,0
487,0
490,0
492,0
494,0
495,0
496,0
498,0
505,0
506,0
507,0
509,0
511,0
512,0
517,0
520,0
522,0
523,0
525,0
532,0
534,0
536,0
537,0
540,0
550,0
557,0
563,0
564,0
575,0
593,0
594,0
595,0
596,0
599,0
600,0
603,0
604,0
605,0
607,0
609,0
611,0
614,0
615,0
620,0
622,0
624,0
625,0
626,0
633,0
636,0
637,0
638,0
647,0
648,0
650,0
653,0
654,0
658,0
660,0
664,0
665,0
669,0
671,0
673,0
677,0
679,0
681,0
686,0
687,0
694,0
696,0
699,0
700,0
704,0
706,0
709,0
712,0
713,0
714,0
715,0
717,0
718,0
719,0
722,0
723,0
724,0
727,0
730,0
735,0
737,0
742,0
747,0
748,0
749,0
750,0
753,0
755,0
756,0
761,0
765,0
766,0
767,0
771,0
772,0
774,0
776,0
777,0
785,0
787,0
794,0
796,0
798,0
803,0
812,0
814,0
816,0
818,0
819,0
825,0
826,0
827,0
831,0
850,0
852,0
854,0
855,0
863,0
873,0
880,0
881,0
891,0
892,0
893,0
897,0
898,0
900,0
902,0
904,0
905,0
908,0
909,0
920,0
921,0
923,0
929,0
933,0
934,0
937,0
939,0
940,0
944,0
947,0
948,0
956,0
957,0
961,0
964,0
970,0
973,0
974,0
975,0
978,0
982,0
988,0
998,0
999,0
1004,0
1005,0
1010,0
1011,0
1013,0
1015,0
1022,0
1026,0
1027,0
1030,0
1038,0
1040,0
1044,0
1048,0
1054,0
1055,0
1056,0
1058,0
1060,0
1063,0
1067,0
1068,0
1071,0
1073,0
1076,0
1078,0
1092,0
1094,0
1098,0
1102,0
1103,0
1108,0
1113,0
1118,0
1122,0
1123,0
1125,0
1126,0
1139,0
1142,0
1144,0
1147,0
1154,0
1157,0
1167,0
1168,0
1173,0
1175,0
1180,0
1183,0
1187,0
1189,0
1191,0
1192,0
1198,0
1199,0
1200,0
1205,0
1208,0
1210,0
1211,0
1215,0
1217,0
1220,0
1222,0
1225,0
1226,0
1231,0
1232,0
1235,0
1244,0
1249,0
1250,0
1252,0
1275,0
1279,0
1284,0
1288,0
1293,0
1294,0
1298,0
1299,0
1307,0
1309,0
1310,0
1312,0
1313,0
1324,0
1326,0
1334,0
1343,0
1346,0
1354,0
1359,0
1363,0
1364,0
1370,0
1371,0
1379,0
1381,0
1382,0
1385,0
1386,0
1392,0
1395,0
1396,0
1398,0
1399,0
1400,0
1404,0
1407,0
1411,0
1414,0
1415,0
1417,0
1421,0
1424,0
1425,0
1430,0
1431,0
1439,0
1440,0
1446,0
1449,0
1453,0
1454,0
1458,0
1462,0
1466,0
1468,0
1474,0
1475,0
1479,0
1486,0
1494,0
1495,0
1497,0
1498,0
1499,0
1500,0
1510,0
1511,0
1515,0
1523,0
1539,0
1541,0
1543,0
1548,0
1552,0
1555,0
1557,0
1561,0
1562,0
1575,0
1578,0
1586,0
1587,0
1589,0
1590,0
1591,0
1596,0
1599,0
1602,0
1610,0
1617,0
1620,0
1627,0
1630,0
1636,0
1640,0
1641,0
1644,0
1647,0
1657,0
1658,0
1660,0
1661,0
1662,0
1667,0
1670,0
1673,0
1677,0
1678,0
1682,0
1684,0
1685,0
1691,0
1693,0
1697,0
1698,0
1705,0
1706,0
1707,0
1711,0
1712,0
1713,0
1715,0
1717,0
1718,0
1727,0
1737,0
1740,0
1743,0
1748,0
1753,0
1754,0
1755,0
1756,0
1759,0
1760,0
1763,0
1764,0
1765,0
1768,0
1769,0
1776,0
1782,0
1789,0
1791,0
1794,0
1796,0
1801,0
1803,0
1806,0
1816,0
1817,0
1818,0
1821,0
1822,0
1826,0
1827,0
1829,0
1833,0
1847,0
1854,0
1855,0
1857,0
1859,0
1860,0
1861,0
1865,0
1869,0
1871,0
1872,0
1874,0
1875,0
1876,0
1877,0
1878,0
1879,0
1881,0
1888,0
1895,0
1896,0
1898,0
1899,0
1902,0
1906,0
1907,0
1908,0
1910,0
1911,0
1912,0
1915,0
1920,0
1921,0
1924,0
1925,0
1926,0
1932,0
1938,0
1942,0
1953,0
1954,0
1956,0
1958,0
1960,0
1965,0
1974,0
1975,0
1980,0
1982,0
1983,0
1985,0
1994,0
1997,0
1999,0
2001,0
2005,0
2007,0
2008,0
2009,0
2016,0
2017,0
2018,0
2019,0
2021,0
2023,0
2025,0
2031,0
2035,0
2038,0
2043,0
2044,0
2046,0
2049,0
2051,0
2052,0
2054,0
2055,0
2062,0
2068,0
2069,0
2074,0
2078,0
2079,0
2084,0
2085,0
2088,0
2093,0
2102,0
2106,0
2108,0
2112,0
2114,0
2115,0
2120,0
2121,0
2122,0
2129,0
2139,0
2140,0
2142,0
2146,0
2147,0
2153,0
2166,0
2167,0
2172,0
2173,0
2181,0
2182,0
2186,0
2187,0
2192,0
2196,0
2200,0
2202,0
2204,0
2205,0
2206,0
2209,0
2211,0
2213,0
2217,0
2218,0
2219,0
2220,0
2236,0
2241,0
2242,0
2243,0
2254,0
2258,0
2260,0
2262,0
2265,0
2268,0
2271,0
2273,0
2274,0
2276,0
2277,0
2278,0
2285,0
2288,0
2289,0
2294,0
2295,0
2302,0
2308,0
2309,0
2315,0
2317,0
2319,0
2327,0
2330,0
2332,0
2333,0
2337,0
2341,0
2344,0
2346,0
2348,0
2349,0
2350,0
2352,0
2354,0
2362,0
2363,0
2366,0
2374,0
2375,0
2378,0
2379,0
2380,0
2381,0
2382,0
2387,0
2388,0
2395,0
2396,0
2401,0
2402,0
2406,0
2410,0
2412,0
2416,0
2419,0
2421,0
2422,0
2424,0
2427,0
2431,0
2433,0
2437,0
2440,0
2441,0
2443,0
2444,0
2447,0
2449,0
2461,0
2462,0
2468,0
2470,0
2472,0
2478,0
2482,0
2483,0
2485,0
2490,0
2499,0
2500,0
2501,0
2503,0
2506,0
2509,0
2520,0
2527,0
2528,0
2529,0
2530,0
2537,0
2547,0
2555,0
2558,0
2562,0
2563,0
2565,0
2569,0
2570,0
2571,0
2573,0
2580,0
2581,0
2582,0
2583,0
2584,0
2589,0
2596,0
2601,0
2605,0
2607,0
2609,0
2612,0
2619,0
2621,0
2631,0
2636,0
2640,0
2642,0
2651,0
2652,0
2653,0
2654,0
2656,0
2659,0
2667,0
2675,0
2677,0
2679,0
2683,0
2685,0
2688,0
2692,0
2703,0
2709,0
2710,0
2714,0
2716,0
2717,0
2723,0
2725,0
2726,0
2727,0
2729,0
2731,0
2733,0
2735,0
2736,0
2742,0
2743,0
2747,0
2751,0
2752,0
2757,0
2772,0
2773,0
2774,0
2775,0
2781,0
2783,0
2789,0
2796,0
2798,0
2799,0
2802,0
2804,0
2809,0
2813,0
2814,0
2815,0
2818,0
2821,0
2826,0
2831,0
2832,0
2836,0
2840,0
2842,0
2846,0
2854,0
2866,0
2870,0
2872,0
2876,0
2878,0
2880,0
2884,0
2885,0
2887,0
2891,0
2901,0
2906,0
2910,0
2912,0
2920,0
2930,0
2936,0
2937,0
2940,0
2947,0
2949,0
2953,0
2954,0
2956,0
2958,0
2963,0
2965,0
2966,0
2972,0
2975,0
2978,0
2980,0
2984,0
2985,0
2989,0
2991,0
2992,0
2996,0
2998,0
3005,0
3008,0
3009,0
3012,0
3014,0
3031,0
3034,0
3035,0
3036,0
3037,0
3038,0
3041,0
3042,0
3044,0
3046,0
3048,0
3050,0
3052,0
3053,0
3060,0
3062,0
3070,0
3078,0
3079,0
3084,0
3091,0
3092,0
3093,0
3094,0
3098,0
3099,0
3103,0
3104,0
3107,0
3113,0
3114,0
3117,0
3118,0
3124,0
3127,0
3130,0
3138,0
3145,0
3147,0
3151,0
3152,0
3157,0
3166,0
3168,0
3173,0
3179,0
3180,0
3182,0
3185,0
3192,0
3201,0
3202,0
3206,0
3207,0
3208,0
3211,0
3213,0
3220,0
3222,0
3223,0
3226,0
3228,0
3229,0
3232,0
3235,0
3250,0
3251,0
3255,0
3262,0
3263,0
3266,0
3267,0
3268,0
3270,0
3271,0
3273,0
3275,0
3276,0
3283,0
3287,0
3290,0
3297,0
3303,0
3304,0
3306,0
3307,0
3308,0
3314,0
3316,0
3320,0
3322,0
3329,0
3330,0
3332,0
3335,0
3336,0
3346,0
3355,0
3359,0
3363,0
3367,0
3368,0
3374,0
3378,0
3379,0
3383,0
3386,0
3388,0
3390,0
3392,0
3394,0
3395,0
3396,0
3397,0
3398,0
3402,0
3403,0
3404,0
3410,0
3412,0
3422,0
3423,0
3424,0
3428,0
3430,0
3431,0
3432,0
3434,0
3438,0
3440,0
3441,0
3446,0
3447,0
3449,0
3450,0
3451,0
3460,0
3463,0
3464,0
3465,0
3466,0
3468,0
3470,0
3473,0
3474,0
3476,0
3477,0
3482,0
3486,0
3487,0
3488,0
3489,0
3490,0
3502,0
3509,0
3510,0
3514,0
3516,0
3522,0
3524,0
3525,0
3538,0
3540,0
3543,0
3544,0
3553,0
3554,0
3556,0
3557,0
3564,0
3569,0
3570,0
3575,0
3578,0
3591,0
3603,0
3605,0
3612,0
3613,0
3615,0
3617,0
3618,0
3619,0
3625,0
3631,0
3634,0
3636,0
3637,0
3642,0
3645,0
3647,0
3650,0
3651,0
3653,0
3654,0
3656,0
3660,0
3668,0
3669,0
3674,0
3675,0
3676,0
3678,0
3689,0
3693,0
3696,0
3702,0
3704,0
3709,0
3710,0
3712,0
3713,0
3716,0
3717,0
3718,0
3721,0
3723,0
3728,0
3734,0
3735,0
3739,0
3741,0
3744,0
3745,0
3746,0
3747,0
3754,0
3756,0
3757,0
3763,0
3767,0
3768,0
3771,0
3772,0
3774,0
3786,0
3787,0
3791,0
3795,0
3796,0
3798,0
3800,0
3801,0
3803,0
3804,0
3805,0
3809,0
3810,0
3820,0
3827,0
3828,0
3834,0
3835,0
3838,0
3839,0
3840,0
3847,0
3850,0
3851,0
3858,0
3861,0
3863,0
3870,0
3873,0
3874,0
3875,0
3877,0
3879,0
3881,0
3887,0
3889,0
3893,0
3898,0
3905,0
3910,0
3914,0
3916,0
3917,0
3918,0
3921,0
3923,0
3932,0
3934,0
3937,0
3938,0
3941,0
3942,0
3943,0
3944,0
3947,0
3954,0
3960,0
3964,0
3965,0
3968,0
3969,0
3977,0
3979,0
3984,0
3986,0
3989,0
3991,0
3997,0
4001,0
4004,0
4006,0
4007,0
4011,0
4018,0
4020,0
4023,0
4025,0
4029,0
4031,0
4041,0
4045,0
4047,0
4053,0
4055,0
4058,0
4060,0
4063,0
4065,0
4066,0
4067,0
4070,0
4071,0
4073,0
4074,0
4077,0
4080,0
4084,0
4086,0
4087,0
4088,0
4091,0
4095,0
4096,0
4097,0
4100,0
4109,0
4125,0
4126,0
4134,0
4138,0
4145,0
4150,0
4152,0
4160,0
4163,0
4165,0
4174,0
4186,0
4187,0
4191,0
4204,0
4208,0
4211,0
4212,0
4217,0
4225,0
4231,0
4233,0
4234,0
4235,0
4237,0
4238,0
4246,0
4252,0
4254,0
4255,0
4256,0
4262,0
4265,0
4267,0
4268,0
4271,0
4273,0
4277,0
4280,0
4284,0
4291,0
4298,0
4300,0
4301,0
4306,0
4311,0
4314,0
4324,0
4326,0
4329,0
4330,0
4337,0
4338,0
4341,0
4350,0
4352,0
4356,0
4360,0
4367,0
4375,0
4380,0
4383,0
4386,0
4388,0
4406,0
4407,0
4410,0
4415,0
4418,0
4421,0
4423,0
4425,0
4429,0
4432,0
4434,0
4438,0
4441,0
4445,0
4447,0
4448,0
4453,0
4457,0
4461,0
4465,0
4472,0
4478,0
4479,0
4480,0
4481,0
4485,0
4489,0
4497,0
4502,0
4505,0
4506,0
4510,0
4511,0
4512,0
4513,0
4515,0
4517,0
4518,0
4520,0
4521,0
4522,0
4526,0
4541,0
4548,0
4558,0
4563,0
4566,0
4567,0
4570,0
4572,0
4573,0
4579,0
4584,0
4585,0
4587,0
4588,0
4594,0
4595,0
4598,0
4600,0
4603,0
4604,0
4605,0
4608,0
4609,0
4612,0
4613,0
4614,0
4618,0
4622,0
4623,0
4625,0
4628,0
4636,0
4639,0
4640,0
4643,0
4648,0
4650,0
4652,0
4654,0
4655,0
4661,0
4670,0
4671,0
4683,0
4685,0
4688,0
4696,0
4705,0
4706,0
4709,0
4710,0
4711,0
4713,0
4715,0
4718,0
4719,0
4721,0
4722,0
4723,0
4724,0
4734,0
4735,0
4739,0
4744,0
4748,0
4749,0
4751,0
4753,0
4758,0
4762,0
4763,0
4768,0
4769,0
4770,0
4772,0
4773,0
4774,0
4775,0
4776,0
4777,0
4779,0
4782,0
4787,0
4789,0
4793,0
4799,0
4805,0
4811,0
4814,0
4815,0
4816,0
4817,0
4818,0
4823,0
4826,0
4827,0
4829,0
4830,0
4833,0
4834,0
4836,0
4842,0
4849,0
4858,0
4859,0
4864,0
4865,0
4868,0
4872,0
4875,0
4878,0
4882,0
4897,0
4899,0
4901,0
4904,0
4908,0
4917,0
4920,0
4923,0
4931,0
4932,0
4933,0
4934,0
4935,0
4944,0
4947,0
4950,0
4954,0
4955,0
4964,0
4967,0
4969,0
4971,0
4973,0
4976,0
4977,0
4982,0
4988,0
4999,0
5000,0
5005,0
5009,0
5010,0
5011,0
5015,0
5018,0
5020,0
5023,0
5024,0
5030,0
5031,0
5042,0
5044,0
5046,0
5047,0
5048,0
5050,0
5051,0
5053,0
5059,0
5060,0
5065,0
5068,0
5076,0
5081,0
5082,0
5085,0
5092,0
5093,0
5099,0
5105,0
5107,0
5110,0
5111,0
5113,0
5114,0
5115,0
5116,0
5125,0
5126,0
5127,0
5128,0
5130,0
5136,0
5143,0
5146,0
5148,0
5153,0
5155,0
5156,0
5157,0
5160,0
5161,0
5164,0
5165,0
5177,0
5181,0
5182,0
5183,0
5185,0
5187,0
5189,0
5193,0
5195,0
5197,0
5198,0
5203,0
5208,0
5209,0
5213,0
5214,0
5216,0
5217,0
5218,0
5224,0
5225,0
5234,0
5238,0
5246,0
5247,0
5248,0
5251,0
5253,0
5254,0
5255,0
5258,0
5259,0
5263,0
5265,0
5266,0
5267,0
5271,0
5272,0
5276,0
5279,0
5283,0
5287,0
5289,0
5290,0
5291,0
5293,0
5294,0
5302,0
5303,0
5306,0
5307,0
5308,0
5323,0
5325,0
5331,0
5334,0
5337,0
5343,0
5357,0
5359,0
5363,0
5370,0
5372,0
5385,0
5386,0
5388,0
5390,0
5394,0
5397,0
5398,0
5399,0
5406,0
5409,0
5411,0
5415,0
5418,0
5419,0
5421,0
5424,0
5427,0
5429,0
5433,0
5437,0
5451,0
5452,0
5454,0
5460,0
5461,0
5465,0
5466,0
5468,0
5470,0
5478,0
5480,0
5482,0
5483,0
5484,0
5485,0
5486,0
5490,0
5494,0
5495,0
5498,0
5499,0
5504,0
5509,0
5510,0
5511,0
5512,0
5517,0
5534,0
5542,0
5545,0
5551,0
5552,0
5556,0
5557,0
5558,0
5559,0
5564,0
5567,0
5570,0
5571,0
5579,0
5588,0
5590,0
5595,0
5597,0
5599,0
5602,0
5606,0
5612,0
5620,0
5623,0
5627,0
5631,0
5640,0
5641,0
5644,0
5645,0
5648,0
5656,0
5658,0
5662,0
5667,0
5668,0
5671,0
5673,0
5674,0
5677,0
5681,0
5682,0
5683,0
5686,0
5688,0
5694,0
5695,0
5697,0
5700,0
5701,0
5702,0
5707,0
5709,0
5711,0
5713,0
5717,0
5719,0
5720,0
5724,0
5725,0
5728,0
5731,0
5737,0
5741,0
5743,0
5750,0
5755,0
5759,0
5761,0
5764,0
5766,0
5767,0
5770,0
5771,0
5772,0
5777,0
5784,0
5789,0
5790,0
5799,0
5802,0
5806,0
5810,0
5811,0
5812,0
5822,0
5824,0
5828,0
5833,0
5835,0
5844,0
5845,0
5846,0
5847,0
5848,0
5855,0
5861,0
5863,0
5870,0
5877,0
5878,0
5880,0
5883,0
5885,0
5886,0
5889,0
5890,0
5892,0
5897,0
5901,0
5902,0
5903,0
5905,0
5910,0
5912,0
5915,0
5923,0
5925,0
5931,0
5932,0
5933,0
5934,0
5941,0
5943,0
5946,0
5947,0
5949,0
5950,0
5954,0
5959,0
5960,0
5967,0
5971,0
5972,0
5975,0
5978,0
5979,0
5981,0
5983,0
5985,0
5987,0
5992,0
5993,0
6000,0
6001,0
6007,0
6008,0
6009,0
6011,0
6019,0
6026,0
6028,0
6029,0
6030,0
6034,0
6047,0
6055,0
6066,0
6067,0
6068,0
6070,0
6071,0
6078,0
6082,0
6083,0
6086,0
6087,0
6088,0
6089,0
6096,0
6097,0
6098,0
6100,0
6107,0
6111,0
6114,0
6115,0
6116,0
6117,0
6120,0
6121,0
6123,0
6129,0
6131,0
6135,0
6140,0
6141,0
6142,0
6144,0
6152,0
6153,0
6155,0
6164,0
6165,0
6166,0
6171,0
6176,0
6178,0
6179,0
6180,0
6190,0
6191,0
6197,0
6198,0
6202,0
6205,0
6207,0
6214,0
6215,0
6223,0
6228,0
6230,0
6232,0
6234,0
6240,0
6244,0
6245,0
6246,0
6248,0
6252,0
6255,0
6256,0
6258,0
6267,0
6274,0
6275,0
6280,0
6287,0
6292,0
6294,0
6296,0
6297,0
6299,0
6304,0
6305,0
6310,0
6313,0
6316,0
6324,0
6326,0
6328,0
6331,0
6340,0
6341,0
6342,0
6349,0
6353,0
6354,0
6355,0
6357,0
6359,0
6363,0
6374,0
6381,0
6383,0
6385,0
6386,0
6387,0
6388,0
6389,0
6392,0
6393,0
6396,0
6398,0
6403,0
6404,0
6405,0
6406,0
6408,0
6416,0
6417,0
6419,0
6420,0
6424,0
6426,0
6427,0
6429,0
6431,0
6433,0
6436,0
6437,0
6439,0
6447,0
6451,0
6452,0
6455,0
6456,0
6460,0
6461,0
6463,0
6464,0
6469,0
6471,0
6474,0
6475,0
6479,0
6481,0
6484,0
6488,0
6491,0
6492,0
6493,0
6496,0
6500,0
6501,0
6502,0
6505,0
6508,0
6511,0
6515,0
6522,0
6530,0
6532,0
6536,0
6538,0
6539,0
6541,0
6545,0
6546,0
6554,0
6557,0
6558,0
6559,0
6560,0
6562,0
6564,0
6565,0
6569,0
6571,0
6572,0
6574,0
6578,0
6583,0
6599,0
6602,0
6603,0
6605,0
6610,0
6619,0
6620,0
6622,0
6624,0
6626,0
6635,0
6638,0
6640,0
6643,0
6649,0
6651,0
6653,0
6657,0
6666,0
6667,0
6669,0
6671,0
6673,0
6675,0
6680,0
6687,0
6688,0
6693,0
6694,0
6699,0
6703,0
6705,0
6707,0
6709,0
6715,0
6716,0
6719,0
6720,0
6724,0
6728,0
6735,0
6738,0
6740,0
6743,0
6744,0
6746,0
6748,0
6752,0
6760,0
6761,0
6763,0
6764,0
6765,0
6773,0
6776,0
6780,0
6781,0
6782,0
6783,0
6784,0
6785,0
6788,0
6790,0
6798,0
6800,0
6801,0
6804,0
6812,0
6813,0
6814,0
6818,0
6831,0
6835,0
6836,0
6837,0
6845,0
6847,0
6849,0
6853,0
6854,0
6856,0
6859,0
6860,0
6867,0
6868,0
6876,0
6878,0
6884,0
6888,0
6891,0
6892,0
6894,0
6896,0
6900,0
6903,0
6910,0
6913,0
6916,0
6918,0
6919,0
6924,0
6927,0
6929,0
6931,0
6933,0
6934,0
6937,0
6940,0
6947,0
6948,0
6949,0
6953,0
6956,0
6957,0
6961,0
6963,0
6974,0
6975,0
6977,0
6986,0
6988,0
6994,0
7000,0
7005,0
7007,0
7009,0
7019,0
7021,0
7040,0
7041,0
7043,0
7045,0
7051,0
7056,0
7063,0
7064,0
7074,0
7075,0
7076,0
7079,0
7082,0
7083,0
7085,0
7087,0
7089,0
7091,0
7093,0
7097,0
7102,0
7103,0
7105,0
7111,0
7113,0
7118,0
7119,0
7128,0
7129,0
7131,0
7132,0
7144,0
7146,0
7148,0
7152,0
7154,0
7163,0
7164,0
7165,0
7169,0
7170,0
7172,0
7174,0
7175,0
7177,0
7180,0
7181,0
7182,0
7183,0
7186,0
7187,0
7190,0
7195,0
7202,0
7204,0
7208,0
7209,0
7212,0
7213,0
7217,0
7230,0
7232,0
7233,0
7234,0
7240,0
7243,0
7245,0
7247,0
7248,0
7257,0
7258,0
7259,0
7265,0
7267,0
7268,0
7271,0
7273,0
7281,0
7292,0
7299,0
7302,0
7305,0
7312,0
7314,0
7318,0
7324,0
7327,0
7328,0
7329,0
7334,0
7340,0
7344,0
7351,0
7355,0
7358,0
7360,0
7362,0
7365,0
7366,0
7367,0
7368,0
7370,0
7371,0
7373,0
7383,0
7384,0
7385,0
7396,0
7398,0
7399,0
7403,0
7406,0
7408,0
7409,0
7411,0
7414,0
7417,0
7426,0
7427,0
7429,0
7430,0
7434,0
7437,0
7441,0
7443,0
7447,0
7448,0
7455,0
7467,0
7472,0
7482,0
7484,0
7485,0
7486,0
7487,0
7488,0
7489,0
7494,0
7498,0
7506,0
7507,0
7508,0
7509,0
7510,0
7512,0
7520,0
7528,0
7529,0
7532,0
7533,0
7539,0
7543,0
7546,0
7554,0
7557,0
7561,0
7563,0
7565,0
7566,0
7574,0
7579,0
7586,0
7587,0
7591,0
7594,0
7598,0
7604,0
7605,0
7611,0
7615,0
7618,0
7620,0
7625,0
7628,0
7631,0
7632,0
7637,0
7640,0
7642,0
7644,0
7646,0
7651,0
7653,0
7655,0
7658,0
7659,0
7663,0
7677,0
7679,0
7683,0
7685,0
7690,0
7699,0
7703,0
7705,0
7706,0
7712,0
7719,0
7721,0
7723,0
7725,0
7733,0
7737,0
7739,0
7740,0
7741,0
7745,0
7747,0
7753,0
7754,0
7755,0
7756,0
7758,0
7764,0
7774,0
7780,0
7786,0
7789,0
7793,0
7795,0
7796,0
7807,0
7808,0
7809,0
7811,0
7815,0
7818,0
7819,0
7824,0
7826,0
7827,0
7831,0
7832,0
7834,0
7838,0
7841,0
7843,0
7847,0
7849,0
7850,0
7851,0
7855,0
7859,0
7864,0
7865,0
7867,0
7869,0
7875,0
7877,0
7883,0
7884,0
7887,0
7888,0
7890,0
7898,0
7899,0
7901,0
7905,0
7908,0
7909,0
7912,0
7917,0
7919,0
7921,0
7923,0
7926,0
7927,0
7928,0
7929,0
7935,0
7940,0
7942,0
7943,0
7953,0
7955,0
7958,0
7961,0
7967,0
7973,0
7974,0
7977,0
7980,0
7984,0
7988,0
7990,0
7996,0
7999,0
8004,0
8015,0
8016,0
8018,0
8019,0
8023,0
8025,0
8028,0
8030,0
8031,0
8035,0
8039,0
8040,0
8042,0
8043,0
8045,0
8057,0
8058,0
8061,0
8063,0
8064,0
8065,0
8068,0
8070,0
8071,0
8077,0
8081,0
8085,0
8092,0
8093,0
8109,0
8111,0
8112,0
8117,0
8122,0
8123,0
8126,0
8133,0
8134,0
8140,0
8142,0
8148,0
8151,0
8153,0
8155,0
8156,0
8157,0
8167,0
8169,0
8174,0
8179,0
8181,0
8186,0
8189,0
8190,0
8194,0
8195,0
8197,0
8198,0
8202,0
8204,0
8206,0
8211,0
8214,0
8215,0
8216,0
8219,0
8222,0
8225,0
8228,0
8233,0
8239,0
8240,0
8243,0
8244,0
8246,0
8251,0
8252,0
8257,0
8258,0
8259,0
8264,0
8265,0
8268,0
8269,0
8290,0
8291,0
8292,0
8297,0
8298,0
8307,0
8308,0
8311,0
8314,0
8324,0
8327,0
8329,0
8336,0
8338,0
8345,0
8346,0
8347,0
8348,0
8349,0
8350,0
8351,0
8353,0
8361,0
8364,0
8365,0
8369,0
8372,0
8375,0
8380,0
8382,0
8383,0
8389,0
8399,0
8405,0
8409,0
8414,0
8416,0
8418,0
8423,0
8424,0
8425,0
8434,0
8450,0
8455,0
8458,0
8459,0
8460,0
8461,0
8472,0
8473,0
8474,0
8475,0
8477,0
8479,0
8487,0
8490,0
8491,0
8495,0
8502,0
8505,0
8508,0
8511,0
8513,0
8520,0
8527,0
8533,0
8535,0
8538,0
8539,0
8540,0
8542,0
8545,0
8548,0
8550,0
8553,0
8554,0
8555,0
8556,0
8557,0
8559,0
8560,0
8563,0
8568,0
8576,0
8577,0
8581,0
8585,0
8589,0
8590,0
8595,0
8596,0
8599,0
8602,0
8608,0
8612,0
8617,0
8620,0
8621,0
8624,0
8625,0
8630,0
8633,0
8634,0
8635,0
8636,0
8640,0
8642,0
8649,0
8651,0
8654,0
8662,0
8663,0
8666,0
8668,0
8673,0
8675,0
8678,0
8683,0
8689,0
8693,0
8694,0
8696,0
8697,0
8700,0
8701,0
8702,0
8712,0
8714,0
8715,0
8717,0
8724,0
8725,0
8728,0
8729,0
8732,0
8733,0
8736,0
8741,0
8742,0
8743,0
8745,0
8749,0
8750,0
8752,0
8753,0
8758,0
8760,0
8762,0
8766,0
8767,0
8774,0
8776,0
8778,0
8779,0
8780,0
8785,0
8786,0
8792,0
8795,0
8803,0
8804,0
8810,0
8815,0
8822,0
8825,0
8826,0
8827,0
8838,0
8839,0
8841,0
8842,0
8843,0
8847,0
8855,0
8858,0
8861,0
8864,0
8869,0
8875,0
8885,0
8886,0
8892,0
8907,0
8909,0
8912,0
8921,0
8925,0
8929,0
8934,0
8935,0
8937,0
8938,0
8942,0
8944,0
8954,0
8963,0
8964,0
8965,0
8972,0
8973,0
8977,0
8986,0
8989,0
8994,0
9000,0
9005,0
9006,0
9012,0
9013,0
9016,0
9018,0
9020,0
9022,0
9025,0
9030,0
9039,0
9042,0
9044,0
9046,0
9047,0
9048,0
9051,0
9061,0
9065,0
9066,0
9072,0
9075,0
9076,0
9081,0
9083,0
9086,0
9087,0
9093,0
9096,0
9100,0
9113,0
9119,0
9123,0
9124,0
9125,0
9126,0
9128,0
9131,0
9132,0
9134,0
9135,0
9149,0
9151,0
9152,0
9162,0
9163,0
9172,0
9174,0
9178,0
9179,0
9183,0
9193,0
9194,0
9196,0
9198,0
9201,0
9203,0
9212,0
9213,0
9214,0
9215,0
9218,0
9219,0
9220,0
9222,0
9228,0
9235,0
9238,0
9239,0
9247,0
9253,0
9256,0
9261,0
9265,0
9270,0
9275,0
9277,0
9281,0
9282,0
9284,0
9288,0
9296,0
9298,0
9310,0
9311,0
9314,0
9319,0
9326,0
9331,0
9333,0
9335,0
9337,0
9343,0
9347,0
9348,0
9349,0
9355,0
9357,0
9360,0
9362,0
9367,0
9368,0
9369,0
9371,0
9372,0
9379,0
9381,0
9382,0
9384,0
9388,0
9391,0
9395,0
9398,0
9401,0
9409,0
9414,0
9417,0
9422,0
9423,0
9425,0
9433,0
9434,0
9436,0
9438,0
9439,0
9446,0
9447,0
9462,0
9463,0
9469,0
9482,0
9484,0
9487,0
9492,0
9494,0
9496,0
9503,0
9507,0
9508,0
9509,0
9513,0
9516,0
9527,0
9528,0
9531,0
9533,0
9538,0
9540,0
9541,0
9542,0
9549,0
9555,0
9559,0
9561,0
9563,0
9566,0
9569,0
9572,0
9575,0
9579,0
9580,0
9581,0
9584,0
9587,0
9588,0
9589,0
9590,0
9592,0
9595,0
9596,0
9597,0
9604,0
9605,0
9609,0
9610,0
9611,0
9621,0
9622,0
9629,0
9632,0
9636,0
9643,0
9647,0
9648,0
9652,0
9653,0
9654,0
9660,0
9662,0
9665,0
9666,0
9668,0
9673,0
9674,0
9679,0
9682,0
9689,0
9691,0
9692,0
9702,0
9704,0
9705,0
9709,0
9712,0
9713,0
9717,0
9718,0
9723,0
9726,0
9727,0
9728,0
9735,0
9738,0
9740,0
9741,0
9749,0
9751,0
9752,0
9754,0
9757,0
9758,0
9763,0
9769,0
9773,0
9777,0
9778,0
9784,0
9786,0
9793,0
9796,0
9797,0
9800,0
9804,0
9808,0
9810,0
9811,0
9812,0
9813,0
9818,0
9827,0
9831,0
9832,0
9836,0
9839,0
9840,0
9841,0
9844,0
9847,0
9848,0
9849,0
9850,0
9852,0
9857,0
9865,0
9870,0
9879,0
9883,0
9887,0
9891,0
9892,0
9895,0
9900,0
9902,0
9903,0
9904,0
9908,0
9915,0
9918,0
9919,0
9923,0
9924,0
9928,0
9937,0
9941,0
9943,0
9944,0
9945,0
9947,0
9950,0
9953,0
9954,0
9959,0
9960,0
9961,0
9970,0
9972,0
9973,0
9977,0
9979,0
9985,0
9988,0
9989,0
9997,0
9999,0
10004,0
10006,0
10010,0
10015,0
10016,0
10019,0
10021,0
10022,0
10023,0
10031,0
10035,0
10039,0
10040,0
10041,0
10043,0
10047,0
10050,0
10053,0
10062,0
10063,0
10069,0
10072,0
10075,0
10078,0
10080,0
10081,0
10084,0
10088,0
10092,0
10094,0
10101,0
10103,0
10109,0
10110,0
10111,0
10116,0
10123,0
10124,0
10126,0
10127,0
10129,0
10130,0
10140,0
10148,0
10150,0
10152,0
10155,0
10166,0
10167,0
10171,0
10175,0
10179,0
10184,0
10188,0
10190,0
10193,0
10194,0
10195,0
10200,0
10201,0
10203,0
10211,0
10213,0
10218,0
10220,0
10224,0
10227,0
10229,0
10230,0
10232,0
10235,0
10238,0
10244,0
10247,0
10249,0
10251,0
10252,0
10254,0
10259,0
10263,0
10264,0
10272,0
10275,0
10283,0
10286,0
10287,0
10290,0
10294,0
10297,0
10301,0
10307,0
10308,0
10319,0
10320,0
10325,0
10326,0
10327,0
10328,0
10329,0
10334,0
10344,0
10346,0
10349,0
10354,0
10355,0
10359,0
10364,0
10365,0
10377,0
10383,0
10385,0
10388,0
10390,0
10394,0
10397,0
10401,0
10414,0
10417,0
10419,0
10420,0
10421,0
10428,0
10436,0
10438,0
10439,0
10442,0
10443,0
10444,0
10447,0
10449,0
10452,0
10459,0
10460,0
10461,0
10467,0
10469,0
10470,0
10480,0
10483,0
10485,0
10488,0
10489,0
10491,0
10497,0
10500,0
10501,0
10504,0
10508,0
10510,0
10512,0
10526,0
10528,0
10537,0
10541,0
10544,0
10550,0
10551,0
10557,0
10560,0
10561,0
10562,0
10563,0
10565,0
10568,0
10575,0
10576,0
10578,0
10584,0
10587,0
10588,0
10592,0
10593,0
10600,0
10601,0
10606,0
10608,0
10614,0
10618,0
10622,0
10624,0
10625,0
10633,0
10637,0
10639,0
10641,0
10643,0
10645,0
10648,0
10649,0
10658,0
10663,0
10668,0
10670,0
10671,0
10672,0
10681,0
10682,0
10686,0
10689,0
10691,0
10693,0
10700,0
10703,0
10707,0
10709,0
10711,0
10713,0
10715,0
10720,0
10723,0
10729,0
10730,0
10732,0
10733,0
10742,0
10747,0
10748,0
10749,0
10752,0
10760,0
10761,0
10762,0
10763,0
10765,0
10768,0
10770,0
10772,0
10774,0
10782,0
10787,0
10791,0
10792,0
10800,0
10801,0
10811,0
10828,0
10838,0
10840,0
10841,0
10843,0
10845,0
10846,0
10849,0
10851,0
10854,0
10855,0
10862,0
10863,0
10864,0
10867,0
10886,0
10887,0
10890,0
10891,0
10892,0
10898,0
10900,0
10902,0
10907,0
10908,0
10910,0
10915,0
10916,0
10917,0
10922,0
10926,0
10935,0
10938,0
10947,0
10950,0
10958,0
10964,0
10965,0
10968,0
10969,0
10970,0
10972,0
10979,0
10981,0
10982,0
10994,0
10995,0
10997,0
10998,0
11001,0
11004,0
11005,0
11010,0
11017,0
11018,0
11019,0
11024,0
11026,0
11028,0
11030,0
11034,0
11035,0
11036,0
11039,0
11040,0
11043,0
11044,0
11048,0
11055,0
11058,0
11062,0
11063,0
11064,0
11070,0
11071,0
11078,0
11080,0
11083,0
11090,0
11092,0
11094,0
11099,0
11100,0
11102,0
11107,0
11110,0
11113,0
11114,0
11118,0
11119,0
11129,0
11133,0
11137,0
11139,0
11140,0
11141,0
11142,0
11146,0
11160,0
11164,0
11181,0
11185,0
11187,0
11189,0
11195,0
11200,0
11202,0
11204,0
11208,0
11209,0
11210,0
11214,0
11217,0
11221,0
11223,0
11225,0
11227,0
11234,0
11239,0
11249,0
11251,0
11254,0
11260,0
11262,0
11264,0
11268,0
11269,0
11273,0
11274,0
11288,0
11291,0
11292,0
11301,0
11306,0
11307,0
11313,0
11314,0
11317,0
11318,0
11319,0
11320,0
11322,0
11330,0
11331,0
11337,0
11341,0
11342,0
11347,0
11351,0
11354,0
11360,0
11361,0
11362,0
11363,0
11366,0
11369,0
11373,0
11374,0
11376,0
11385,0
11389,0
11390,0
11397,0
11404,0
11407,0
11409,0
11413,0
11414,0
11425,0
11434,0
11441,0
11443,0
11445,0
11446,0
11448,0
11455,0
11458,0
11459,0
11463,0
11468,0
11470,0
11471,0
11473,0
11476,0
11477,0
11481,0
11486,0
11497,0
11507,0
11510,0
11512,0
11519,0
11521,0
11523,0
11524,0
11525,0
11529,0
11531,0
11532,0
11533,0
11537,0
11538,0
11544,0
11552,0
11559,0
11562,0
11563,0
11566,0
11567,0
11568,0
11572,0
11573,0
11577,0
11580,0
11584,0
11585,0
11590,0
11593,0
11594,0
11595,0
11600,0
11601,0
11602,0
11604,0
11606,0
11617,0
11621,0
11622,0
11624,0
11625,0
11626,0
11630,0
11631,0
11633,0
11636,0
11637,0
11648,0
11654,0
11661,0
11663,0
11665,0
11670,0
11673,0
11674,0
11679,0
11686,0
11687,0
11695,0
11698,0
11703,0
11708,0
11712,0
11713,0
11714,0
11715,0
11716,0
11719,0
11725,0
11726,0
11729,0
11734,0
11736,0
11740,0
11745,0
11747,0
11749,0
11751,0
11752,0
11755,0
11766,0
11767,0
11770,0
11772,0
11774,0
11785,0
11790,0
11793,0
11794,0
11797,0
11802,0
11805,0
11808,0
11813,0
11816,0
11822,0
11824,0
11830,0
11831,0
11832,0
11834,0
11842,0
11846,0
11847,0
11848,0
11849,0
11850,0
11856,0
11857,0
11858,0
11869,0
11872,0
11882,0
11888,0
11889,0
11890,0
11894,0
11900,0
11901,0
11904,0
11905,0
11908,0
11911,0
11914,0
11917,0
11921,0
11923,0
11924,0
11927,0
11931,0
11935,0
11937,0
11943,0
11951,0
11952,0
11960,0
11961,0
11962,0
11963,0
11969,0
11970,0
11971,0
11972,0
11974,0
11975,0
11980,0
11986,0
11987,0
11988,0
11990,0
11993,0
12001,0
12006,0
12008,0
12013,0
12016,0
12017,0
12019,0
12020,0
12021,0
12024,0
12025,0
12031,0
12035,0
12038,0
12040,0
12046,0
12049,0
12050,0
12051,0
12053,0
12054,0
12059,0
12061,0
12066,0
12074,0
12075,0
12078,0
12080,0
12081,0
12082,0
12085,0
12086,0
12088,0
12095,0
12096,0
12098,0
12106,0
12108,0
12112,0
12114,0
12115,0
12128,0
12133,0
12140,0
12150,0
12152,0
12158,0
12161,0
12162,0
12163,0
12164,0
12166,0
12168,0
12169,0
12172,0
12178,0
12186,0
12187,0
12188,0
12192,0
12201,0
12209,0
12211,0
12214,0
12215,0
12216,0
12217,0
12223,0
12227,0
12228,0
12230,0
12235,0
12237,0
12245,0
12246,0
12247,0
12248,0
12253,0
12256,0
12257,0
12258,0
12259,0
12263,0
12266,0
12268,0
12273,0
12274,0
12275,0
12277,0
12278,0
12281,0
12287,0
12290,0
12296,0
12302,0
12303,0
12310,0
12315,0
12317,0
12322,0
12323,0
12327,0
12329,0
12330,0
12331,0
12334,0
12338,0
12346,0
12347,0
12353,0
12357,0
12358,0
12359,0
12368,0
12372,0
12373,0
12378,0
12379,0
12384,0
12391,0
12392,0
12395,0
12398,0
12399,0
12400,0
12405,0
12415,0
12416,0
12420,0
12424,0
12425,0
12430,0
12431,0
12432,0
12437,0
12440,0
12443,0
12444,0
12451,0
12458,0
12461,0
12463,0
12466,0
12469,0
12470,0
12482,0
12483,0
12484,0
12490,0
12495,0
12498,0
12508,0
12517,0
12524,0
12525,0
12528,0
12531,0
12534,0
12535,0
12536,0
12537,0
12539,0
12542,0
12543,0
12547,0
12549,0
12551,0
12554,0
12557,0
12563,0
12564,0
12565,0
12567,0
12569,0
12570,0
12575,0
12577,0
12578,0
12581,0
12584,0
12587,0
12597,0
12603,0
12605,0
12606,0
12618,0
12619,0
12621,0
12625,0
12632,0
12644,0
12646,0
12650,0
12653,0
12666,0
12675,0
12677,0
12678,0
12682,0
12687,0
12688,0
12689,0
12696,0
12699,0
12701,0
12709,0
12711,0
12716,0
12718,0
12719,0
12720,0
12721,0
12722,0
12725,0
12728,0
12731,0
12733,0
12734,0
12740,0
12741,0
12742,0
12745,0
12749,0
12752,0
12756,0
12758,0
12759,0
12766,0
12783,0
12784,0
12785,0
12788,0
12789,0
12790,0
12791,0
12792,0
12796,0
12800,0
12804,0
12806,0
12807,0
12812,0
12818,0
12819,0
12821,0
12823,0
12826,0
12829,0
12832,0
12833,0
12838,0
12839,0
12840,0
12846,0
12848,0
12858,0
12860,0
12861,0
12862,0
12863,0
12865,0
12866,0
12868,0
12871,0
12881,0
12895,0
12898,0
12899,0
12901,0
12902,0
12904,0
12909,0
12913,0
12914,0
12917,0
12923,0
12924,0
12926,0
12944,0
12951,0
12961,0
12964,0
12969,0
12973,0
12975,0
12980,0
12984,0
12985,0
12990,0
12992,0
12998,0
12999,0
13001,0
13005,0
13006,0
13007,0
13020,0
13021,0
13033,0
13037,0
13042,0
13048,0
13049,0
13051,0
13056,0
13058,0
13059,0
13060,0
13062,0
13065,0
13067,0
13071,0
13074,0
13075,0
13077,0
13079,0
13080,0
13081,0
13086,0
13092,0
13094,0
13096,0
13099,0
13103,0
13105,0
13118,0
13120,0
13121,0
13122,0
13125,0
13128,0
13132,0
13135,0
13140,0
13142,0
13147,0
13148,0
13151,0
13156,0
13157,0
13159,0
13161,0
13166,0
13167,0
13170,0
13172,0
13174,0
13176,0
13177,0
13178,0
13181,0
13182,0
13185,0
13187,0
13188,0
13189,0
13191,0
13193,0
13196,0
13197,0
13201,0
13206,0
13210,0
13212,0
13214,0
13217,0
13218,0
13220,0
13221,0
13223,0
13224,0
13226,0
13230,0
13231,0
13236,0
13239,0
13240,0
13251,0
13252,0
13254,0
13257,0
13259,0
13260,0
13265,0
13269,0
13270,0
13280,0
13290,0
13293,0
13295,0
13296,0
13309,0
13310,0
13311,0
13320,0
13326,0
13331,0
13334,0
13335,0
13336,0
13337,0
13338,0
13341,0
13342,0
13345,0
13346,0
13348,0
13350,0
13352,0
13353,0
13355,0
13358,0
13360,0
13363,0
13364,0
13365,0
13366,0
13371,0
13373,0
13379,0
13387,0
13390,0
13397,0
13401,0
13402,0
13411,0
13414,0
13417,0
13426,0
13430,0
13431,0
13432,0
13434,0
13440,0
13445,0
13448,0
13449,0
13452,0
13453,0
13455,0
13457,0
13465,0
13467,0
13470,0
13472,0
13473,0
13478,0
13495,0
13504,0
13506,0
13508,0
13511,0
13515,0
13518,0
13519,0
13522,0
13523,0
13527,0
13528,0
13531,0
13534,0
13536,0
13537,0
13539,0
13542,0
13548,0
13552,0
13553,0
13557,0
13563,0
13570,0
13582,0
13584,0
13592,0
13594,0
13595,0
13597,0
13599,0
13603,0
13612,0
13613,0
13614,0
13617,0
13619,0
13620,0
13622,0
13624,0
13631,0
13632,0
13636,0
13639,0
13641,0
13645,0
13652,0
13655,0
13656,0
13660,0
13667,0
13669,0
13674,0
13676,0
13683,0
13687,0
13688,0
13690,0
13693,0
13694,0
13696,0
13698,0
13699,0
13703,0
13704,0
13707,0
13709,0
13713,0
13720,0
13724,0
13725,0
13726,0
13727,0
13731,0
13732,0
13733,0
13736,0
13742,0
13746,0
13750,0
13751,0
13759,0
13773,0
13777,0
13779,0
13780,0
13785,0
13788,0
13791,0
13794,0
13797,0
13799,0
13803,0
13805,0
13806,0
13810,0
13813,0
13815,0
13817,0
13820,0
13822,0
13826,0
13827,0
13828,0
13829,0
13833,0
13834,0
13839,0
13842,0
13843,0
13844,0
13846,0
13848,0
13849,0
13856,0
13857,0
13862,0
13863,0
13864,0
13870,0
13877,0
13878,0
13884,0
13892,0
13894,0
13896,0
13897,0
13898,0
13899,0
13901,0
13903,0
13904,0
13910,0
13912,0
13921,0
13922,0
13925,0
13927,0
13928,0
13931,0
13933,0
13943,0
13946,0
13949,0
13953,0
13954,0
13963,0
13967,0
13971,0
13972,0
13974,0
13979,0
13988,0
13989,0
13990,0
13991,0
13992,0
14000,0
14003,0
14008,0
14011,0
14016,0
14021,0
14023,0
14028,0
14030,0
14032,0
14033,0
14035,0
14036,0
14037,0
14040,0
14047,0
14056,0
14057,0
14058,0
14059,0
14068,0
14071,0
14076,0
14082,0
14084,0
14085,0
14088,0
14089,0
14092,0
14093,0
14094,0
14097,0
14100,0
14103,0
14109,0
14117,0
14118,0
14119,0
14120,0
14122,0
14124,0
14129,0
14134,0
14136,0
14140,0
14141,0
14154,0
14158,0
14162,0
14163,0
14165,0
14168,0
14169,0
14171,0
14172,0
14176,0
14178,0
14181,0
14184,0
14186,0
14188,0
14189,0
14190,0
14191,0
14196,0
14199,0
14202,0
14204,0
14207,0
14211,0
14212,0
14217,0
14220,0
14221,0
14224,0
14226,0
14228,0
14235,0
14242,0
14244,0
14247,0
14249,0
14254,0
14255,0
14259,0
14261,0
14262,0
14263,0
14268,0
14269,0
14273,0
14283,0
14285,0
14287,0
14289,0
14291,0
14292,0
14295,0
14301,0
14302,0
14307,0
14309,0
14310,0
14314,0
14318,0
14328,0
14333,0
14334,0
14335,0
14337,0
14338,0
14342,0
14347,0
14351,0
14352,0
14353,0
14355,0
14356,0
14360,0
14362,0
14366,0
14375,0
14377,0
14381,0
14383,0
14384,0
14386,0
14390,0
14391,0
14395,0
14396,0
14408,0
14411,0
14416,0
14418,0
14419,0
14423,0
14425,0
14435,0
14439,0
14440,0
14444,0
14446,0
14447,0
14452,0
14453,0
14455,0
14457,0
14460,0
14461,0
14463,0
14468,0
14470,0
14471,0
14472,0
14474,0
14479,0
14480,0
14481,0
14485,0
14487,0
14488,0
14489,0
14491,0
14494,0
14495,0
14499,0
14502,0
14504,0
14506,0
14509,0
14510,0
14512,0
14516,0
14522,0
14524,0
14526,0
14527,0
14530,0
14531,0
14534,0
14536,0
14537,0
14542,0
14544,0
14546,0
14558,0
14560,0
14569,0
14571,0
14573,0
14574,0
14577,0
14584,0
14585,0
14586,0
14588,0
14589,0
14590,0
14591,0
14592,0
14593,0
14594,0
14595,0
14599,0
14600,0
14608,0
14609,0
14610,0
14611,0
14613,0
14615,0
14616,0
14619,0
14623,0
14628,0
14633,0
14636,0
14647,0
14648,0
14649,0
14654,0
14657,0
14658,0
14660,0
14664,0
14665,0
14670,0
14672,0
14677,0
14679,0
14683,0
14690,0
14702,0
14708,0
14709,0
14714,0
14717,0
14726,0
14729,0
14732,0
14736,0
14737,0
14739,0
14741,0
14742,0
14743,0
14744,0
14753,0
14755,0
14761,0
14769,0
14770,0
14776,0
14777,0
14778,0
14779,0
14781,0
14786,0
14792,0
14794,0
14796,0
14798,0
14800,0
14801,0
14802,0
14808,0
14812,0
14813,0
14814,0
14817,0
14821,0
14822,0
14826,0
14842,0
14843,0
14850,0
14854,0
14864,0
14870,0
14871,0
14872,0
14873,0
14881,0
14884,0
14888,0
14902,0
14909,0
14915,0
14923,0
14927,0
14929,0
14934,0
14936,0
14944,0
14946,0
14948,0
14949,0
14951,0
14956,0
14959,0
14963,0
14964,0
14965,0
14966,0
14974,0
14977,0
14980,0
14983,0
14988,0
14991,0
15001,0
15004,0
15006,0
15007,0
15008,0
15010,0
15022,0
15024,0
15026,0
15027,0
15028,0
15034,0
15037,0
15038,0
15039,0
15048,0
15050,0
15056,0
15058,0
15059,0
15062,0
15063,0
15064,0
15066,0
15067,0
15068,0
15069,0
15071,0
15072,0
15079,0
15085,0
15086,0
15087,0
15088,0
15089,0
15090,0
15092,0
15094,0
15099,0
15100,0
15106,0
15110,0
15115,0
15117,0
15118,0
15119,0
15121,0
15126,0
15129,0
15134,0
15135,0
15136,0
15137,0
15138,0
15141,0
15146,0
15148,0
15158,0
15159,0
15160,0
15164,0
15167,0
15168,0
15172,0
15174,0
15175,0
15176,0
15189,0
15190,0
15191,0
15193,0
15196,0
15201,0
15206,0
15210,0
15212,0
15216,0
15218,0
15219,0
15226,0
15229,0
15230,0
15237,0
15238,0
15239,0
15244,0
15247,0
15253,0
15256,0
15262,0
15266,0
15269,0
15272,0
15273,0
15288,0
15291,0
15292,0
15293,0
15300,0
15301,0
15303,0
15306,0
15307,0
15318,0
15319,0
15323,0
15324,0
15326,0
15327,0
15334,0
15339,0
15343,0
15345,0
15349,0
15357,0
15360,0
15361,0
15363,0
15364,0
15366,0
15368,0
15381,0
15383,0
15385,0
15394,0
15396,0
15398,0
15399,0
15406,0
15413,0
15415,0
15419,0
15422,0
15427,0
15428,0
15433,0
15434,0
15441,0
15443,0
15445,0
15450,0
15451,0
15452,0
15453,0
15456,0
15457,0
15462,0
15464,0
15465,0
15466,0
15471,0
15473,0
15474,0
15476,0
15479,0
15481,0
15482,0
15488,0
15495,0
15497,0
15509,0
15511,0
15514,0
15515,0
15517,0
15521,0
15522,0
15529,0
15530,0
15531,0
15536,0
15542,0
15544,0
15546,0
15552,0
15563,0
15565,0
15567,0
15568,0
15569,0
15570,0
15571,0
15573,0
15574,0
15575,0
15577,0
15581,0
15582,0
15588,0
15590,0
15591,0
15593,0
15595,0
15597,0
15603,0
15605,0
15606,0
15607,0
15608,0
15610,0
15618,0
15619,0
15624,0
15626,0
15630,0
15631,0
15632,0
15633,0
15634,0
15635,0
15642,0
15652,0
15657,0
15658,0
15665,0
15667,0
15673,0
15674,0
15675,0
15682,0
15683,0
15686,0
15688,0
15689,0
15690,0
15704,0
15705,0
15712,0
15717,0
15720,0
15728,0
15734,0
15736,0
15739,0
15743,0
15746,0
15751,0
15756,0
15759,0
15760,0
15765,0
15769,0
15770,0
15776,0
15784,0
15785,0
15786,0
15787,0
15789,0
15794,0
15796,0
15798,0
15800,0
15801,0
15808,0
15809,0
15814,0
15815,0
15816,0
15817,0
15818,0
15819,0
15824,0
15829,0
15835,0
15836,0
15841,0
15845,0
15846,0
15849,0
15850,0
15852,0
15853,0
15855,0
15856,0
15857,0
15859,0
15862,0
15875,0
15876,0
15879,0
15881,0
15882,0
15884,0
15886,0
15888,0
15893,0
15894,0
15898,0
15900,0
15901,0
15904,0
15916,0
15918,0
15920,0
15926,0
15929,0
15931,0
15933,0
15935,0
15936,0
15943,0
15946,0
15947,0
15964,0
15965,0
15966,0
15968,0
15970,0
15971,0
15978,0
15987,0
15990,0
15992,0
15998,0
16002,0
16003,0
16005,0
16006,0
16014,0
16015,0
16018,0
16021,0
16022,0
16031,0
16046,0
16053,0
16058,0
16061,0
16063,0
16081,0
16082,0
16083,0
16084,0
16086,0
16089,0
16091,0
16097,0
16106,0
16107,0
16111,0
16114,0
16116,0
16118,0
16121,0
16122,0
16125,0
16127,0
16131,0
16133,0
16138,0
16141,0
16150,0
16153,0
16159,0
16162,0
16165,0
16167,0
16170,0
16171,0
16172,0
16173,0
16176,0
16180,0
16186,0
16190,0
16192,0
16193,0
16195,0
16197,0
16201,0
16203,0
16213,0
16216,0
16221,0
16228,0
16231,0
16232,0
16233,0
16240,0
16241,0
16244,0
16246,0
16249,0
16253,0
16257,0
16258,0
16259,0
16261,0
16263,0
16264,0
16265,0
16277,0
16279,0
16287,0
16288,0
16298,0
16300,0
16308,0
16311,0
16312,0
16313,0
16314,0
16315,0
16318,0
16319,0
16320,0
16323,0
16325,0
16329,0
16332,0
16335,0
16337,0
16338,0
16343,0
16353,0
16362,0
16366,0
16367,0
16368,0
16375,0
16376,0
16381,0
16388,0
16389,0
16390,0
16392,0
16400,0
16407,0
16408,0
16411,0
16412,0
16413,0
16415,0
16418,0
16421,0
16424,0
16425,0
16426,0
16428,0
16429,0
16432,0
16436,0
16437,0
16448,0
16453,0
16457,0
16461,0
16463,0
16469,0
16470,0
16480,0
16481,0
16482,0
16484,0
16486,0
16487,0
16500,0
16501,0
16503,0
16506,0
16519,0
16524,0
16526,0
16527,0
16530,0
16537,0
16539,0
16541,0
16542,0
16555,0
16557,0
16558,0
16562,0
16566,0
16567,0
16578,0
16581,0
16582,0
16592,0
16594,0
16599,0
16602,0
16606,0
16615,0
16623,0
16625,0
16627,0
16628,0
16640,0
16643,0
16645,0
16648,0
16650,0
16654,0
16658,0
16659,0
16660,0
16663,0
16666,0
16668,0
16677,0
16678,0
16680,0
16682,0
16683,0
16690,0
16693,0
16694,0
16699,0
16704,0
16706,0
16710,0
16714,0
16715,0
16717,0
16720,0
16722,0
16729,0
16730,0
16733,0
16736,0
16743,0
16745,0
16752,0
16758,0
16760,0
16763,0
16764,0
16765,0
16768,0
16773,0
16785,0
16796,0
16798,0
16802,0
16804,0
16806,0
16810,0
16813,0
16817,0
16819,0
16832,0
16833,0
16842,0
16843,0
16845,0
16848,0
16850,0
16854,0
16857,0
16871,0
16873,0
16875,0
16879,0
16881,0
16886,0
16888,0
16891,0
16893,0
16902,0
16904,0
16911,0
16912,0
16917,0
16918,0
16922,0
16923,0
16927,0
16930,0
16931,0
16933,0
16935,0
16938,0
16939,0
16940,0
16941,0
16946,0
16947,0
16952,0
16956,0
16958,0
16959,0
16962,0
16963,0
16965,0
16967,0
16972,0
16973,0
16977,0
16979,0
16980,0
16981,0
16986,0
16988,0
16990,0
16992,0
16995,0
17001,0
17002,0
17008,0
17020,0
17026,0
17028,0
17029,0
17031,0
17033,0
17034,0
17038,0
17040,0
17044,0
17046,0
17049,0
17053,0
17055,0
17071,0
17072,0
17073,0
17078,0
17079,0
17088,0
17089,0
17091,0
17094,0
17099,0
17107,0
17114,0
17122,0
17123,0
17124,0
17128,0
17129,0
17130,0
17131,0
17133,0
17134,0
17136,0
17137,0
17146,0
17153,0
17155,0
17156,0
17161,0
17163,0
17166,0
17167,0
17169,0
17171,0
17176,0
17178,0
17184,0
17186,0
17188,0
17189,0
17192,0
17194,0
17197,0
17198,0
17204,0
17207,0
17208,0
17212,0
17220,0
17228,0
17231,0
17235,0
17236,0
17239,0
17242,0
17250,0
17252,0
17256,0
17257,0
17258,0
17260,0
17261,0
17269,0
17270,0
17274,0
17275,0
17278,0
17279,0
17280,0
17281,0
17286,0
17290,0
17297,0
17307,0
17314,0
17320,0
17322,0
17323,0
17331,0
17332,0
17333,0
17334,0
17335,0
17336,0
17339,0
17340,0
17342,0
17344,0
17350,0
17353,0
17355,0
17361,0
17364,0
17365,0
17367,0
17369,0
17372,0
17375,0
17381,0
17385,0
17392,0
17394,0
17396,0
17397,0
17399,0
17401,0
17404,0
17405,0
17407,0
17408,0
17410,0
17411,0
17414,0
17418,0
17423,0
17428,0
17432,0
17434,0
17441,0
17444,0
17460,0
17463,0
17466,0
17469,0
17470,0
17482,0
17492,0
17495,0
17501,0
17503,0
17504,0
17505,0
17506,0
17508,0
17510,0
17511,0
17512,0
17514,0
17522,0
17527,0
17528,0
17529,0
17532,0
17533,0
17546,0
17549,0
17552,0
17561,0
17563,0
17568,0
17573,0
17574,0
17577,0
17578,0
17581,0
17582,0
17588,0
17594,0
17601,0
17604,0
17605,0
17606,0
17610,0
17611,0
17615,0
17619,0
17620,0
17621,0
17622,0
17631,0
17637,0
17641,0
17642,0
17643,0
17644,0
17650,0
17655,0
17659,0
17663,0
17674,0
17677,0
17686,0
17689,0
17697,0
17699,0
17702,0
17707,0
17710,0
17714,0
17716,0
17718,0
17719,0
17721,0
17722,0
17723,0
17724,0
17728,0
17730,0
17731,0
17733,0
17739,0
17741,0
17745,0
17752,0
17759,0
17761,0
17768,0
17771,0
17774,0
17775,0
17776,0
17779,0
17781,0
17782,0
17783,0
17785,0
17791,0
17793,0
17796,0
17797,0
17803,0
17808,0
17816,0
17820,0
17833,0
17854,0
17857,0
17858,0
17862,0
17864,0
17866,0
17867,0
17868,0
17870,0
17871,0
17872,0
17873,0
17877,0
17882,0
17887,0
17891,0
17898,0
17899,0
17900,0
17901,0
17907,0
17917,0
17918,0
17920,0
17925,0
17940,0
17942,0
17945,0
17947,0
17950,0
17955,0
17956,0
17957,0
17959,0
17965,0
17969,0
17970,0
17971,0
17985,0
18002,0
18009,0
18010,0
18012,0
18017,0
18020,0
18027,0
18028,0
18029,0
18036,0
18039,0
18040,0
18046,0
18047,0
18048,0
18053,0
18056,0
18060,0
18061,0
18065,0
18069,0
18071,0
18072,0
18074,0
18077,0
18079,0
18084,0
18086,0
18090,0
18096,0
18105,0
18107,0
18109,0
18111,0
18113,0
18116,0
18117,0
18121,0
18123,0
18124,0
18126,0
18127,0
18131,0
18134,0
18135,0
18138,0
18142,0
18151,0
18156,0
18158,0
18159,0
18163,0
18174,0
18176,0
18180,0
18183,0
18185,0
18189,0
18190,0
18192,0
18203,0
18205,0
18209,0
18214,0
18221,0
18222,0
18224,0
18225,0
18226,0
18227,0
18230,0
18238,0
18240,0
18243,0
18252,0
18253,0
18254,0
18258,0
18267,0
18270,0
18274,0
18279,0
18280,0
18284,0
18286,0
18288,0
18298,0
18302,0
18305,0
18306,0
18307,0
18311,0
18312,0
18314,0
18316,0
18320,0
18323,0
18328,0
18332,0
18333,0
18336,0
18339,0
18342,0
18347,0
18348,0
18355,0
18361,0
18363,0
18364,0
18365,0
18368,0
18369,0
18373,0
18376,0
18382,0
18385,0
18387,0
18388,0
18389,0
18395,0
18399,0
18400,0
18410,0
18413,0
18418,0
18424,0
18428,0
18430,0
18433,0
18440,0
18442,0
18447,0
18448,0
18454,0
18456,0
18457,0
18458,0
18460,0
18461,0
18463,0
18467,0
18469,0
18471,0
18472,0
18477,0
18481,0
18483,0
18488,0
18489,0
18491,0
18494,0
18498,0
18503,0
18517,0
18519,0
18527,0
18531,0
18537,0
18540,0
18546,0
18555,0
18556,0
18557,0
18558,0
18568,0
18573,0
18574,0
18578,0
18580,0
18582,0
18584,0
18586,0
18592,0
18600,0
18604,0
18605,0
18607,0
18609,0
18611,0
18614,0
18616,0
18620,0
18625,0
18628,0
18631,0
18634,0
18637,0
18638,0
18639,0
18641,0
18643,0
18644,0
18648,0
18671,0
18675,0
18678,0
18679,0
18681,0
18683,0
18684,0
18690,0
18691,0
18692,0
18694,0
18697,0
18701,0
18702,0
18703,0
18707,0
18708,0
18710,0
18714,0
18716,0
18723,0
18725,0
18728,0
18738,0
18739,0
18741,0
18742,0
18743,0
18753,0
18758,0
18761,0
18762,0
18764,0
18765,0
18769,0
18771,0
18772,0
18774,0
18777,0
18778,0
18788,0
18791,0
18794,0
18798,0
18803,0
18807,0
18811,0
18813,0
18814,0
18819,0
18822,0
18824,0
18825,0
18826,0
18831,0
18835,0
18837,0
18840,0
18841,0
18843,0
18847,0
18855,0
18858,0
18860,0
18861,0
18865,0
18867,0
18868,0
18874,0
18877,0
18878,0
18879,0
18892,0
18893,0
18895,0
18903,0
18906,0
18908,0
18910,0
18912,0
18919,0
18926,0
18927,0
18928,0
18930,0
18932,0
18935,0
18936,0
18937,0
18939,0
18940,0
18941,0
18942,0
18943,0
18946,0
18948,0
18949,0
18956,0
18957,0
18961,0
18963,0
18964,0
18969,0
18972,0
18978,0
18980,0
18984,0
18986,0
18987,0
18997,0
18999,0
19000,0
19004,0
19007,0
19009,0
19015,0
19017,0
19022,0
19023,0
19028,0
19029,0
19031,0
19035,0
19039,0
19041,0
19044,0
19048,0
19058,0
19061,0
19065,0
19066,0
19068,0
19072,0
19075,0
19080,0
19084,0
19085,0
19094,0
19095,0
19103,0
19104,0
19106,0
19108,0
19111,0
19117,0
19119,0
19120,0
19124,0
19126,0
19129,0
19133,0
19142,0
19154,0
19155,0
19158,0
19169,0
19176,0
19181,0
19182,0
19184,0
19185,0
19189,0
19190,0
19191,0
19194,0
19197,0
19199,0
19203,0
19205,0
19210,0
19212,0
19213,0
19216,0
19219,0
19223,0
19226,0
19230,0
19233,0
19235,0
19236,0
19237,0
19243,0
19252,0
19253,0
19257,0
19258,0
19259,0
19261,0
19263,0
19264,0
19265,0
19266,0
19271,0
19275,0
19277,0
19278,0
19281,0
19287,0
19290,0
19291,0
19294,0
19295,0
19297,0
19298,0
19300,0
19303,0
19305,0
19309,0
19310,0
19311,0
19314,0
19315,0
19320,0
19329,0
19331,0
19332,0
19337,0
19340,0
19343,0
19344,0
19345,0
19347,0
19350,0
19351,0
19353,0
19356,0
19358,0
19362,0
19363,0
19367,0
19371,0
19373,0
19378,0
19383,0
19385,0
19389,0
19394,0
19395,0
19398,0
19399,0
19400,0
19402,0
19403,0
19415,0
19420,0
19421,0
19424,0
19431,0
19433,0
19434,0
19441,0
19445,0
19446,0
19447,0
19452,0
19453,0
19455,0
19457,0
19458,0
19459,0
19462,0
19465,0
19470,0
19471,0
19479,0
19480,0
19494,0
19497,0
19500,0
19501,0
19502,0
19504,0
19505,0
19519,0
19524,0
19529,0
19532,0
19533,0
19534,0
19536,0
19537,0
19543,0
19545,0
19546,0
19549,0
19551,0
19554,0
19559,0
19563,0
19564,0
19565,0
19566,0
19568,0
19571,0
19575,0
19578,0
19581,0
19585,0
19591,0
19594,0
19600,0
19604,0
19605,0
19614,0
19628,0
19629,0
19630,0
19634,0
19637,0
19640,0
19641,0
19642,0
19643,0
19651,0
19654,0
19657,0
19658,0
19659,0
19668,0
19677,0
19679,0
19681,0
19684,0
19690,0
19691,0
19694,0
19705,0
19714,0
19718,0
19720,0
19721,0
19722,0
19723,0
19733,0
19734,0
19735,0
19739,0
19742,0
19744,0
19745,0
19748,0
19753,0
19757,0
19761,0
19762,0
19763,0
19769,0
19770,0
19772,0
19774,0
19781,0
19782,0
19783,0
19792,0
19797,0
19800,0
19802,0
19804,0
19807,0
19810,0
19812,0
19813,0
19815,0
19816,0
19818,0
19819,0
19821,0
19823,0
19827,0
19829,0
19830,0
19831,0
19832,0
19835,0
19843,0
19854,0
19855,0
19856,0
19864,0
19868,0
19871,0
19878,0
19879,0
19880,0
19881,0
19888,0
19889,0
19891,0
19892,0
19896,0
19902,0
19904,0
19906,0
19912,0
19913,0
19915,0
19918,0
19919,0
19922,0
19923,0
19925,0
19926,0
19930,0
19932,0
19935,0
19936,0
19937,0
19938,0
19947,0
19954,0
19958,0
19959,0
19960,0
19961,0
19965,0
19966,0
19970,0
19971,0
19974,0
19977,0
19984,0
19988,0
19989,0
19993,0
19999,0
20002,0
20005,0
20013,0
20014,0
20015,0
20017,0
20028,0
20030,0
20035,0
20036,0
20037,0
20041,0
20045,0
20046,0
20047,0
20048,0
20058,0
20064,0
20065,0
20066,0
20069,0
20075,0
20076,0
20085,0
20087,0
20089,0
20092,0
20093,0
20096,0
20097,0
20099,0
20108,0
20114,0
20120,0
20122,0
20126,0
20131,0
20135,0
20136,0
20137,0
20139,0
20145,0
20147,0
20150,0
20152,0
20154,0
20156,0
20159,0
20160,0
20163,0
20174,0
20175,0
20178,0
20181,0
20184,0
20189,0
20191,0
20192,0
20194,0
20196,0
20205,0
20210,0
20214,0
20220,0
20224,0
20227,0
20231,0
20235,0
20237,0
20238,0
20240,0
20243,0
20245,0
20247,0
20248,0
20251,0
20252,0
20253,0
20255,0
20258,0
20259,0
20261,0
20264,0
20271,0
20276,0
20284,0
20294,0
20300,0
20302,0
20316,0
20325,0
20328,0
20330,0
20337,0
20343,0
20345,0
20346,0
20351,0
20359,0
20365,0
20367,0
20368,0
20369,0
20370,0
20373,0
20374,0
20375,0
20379,0
20380,0
20383,0
20386,0
20387,0
20389,0
20391,0
20392,0
20397,0
20401,0
20404,0
20407,0
20412,0
20416,0
20421,0
20432,0
20433,0
20435,0
20436,0
20439,0
20440,0
20442,0
20446,0
20455,0
20456,0
20457,0
20465,0
20467,0
20468,0
20470,0
20472,0
20477,0
20479,0
20484,0
20489,0
20491,0
20492,0
20497,0
20499,0
20501,0
20509,0
20515,0
20520,0
20522,0
20524,0
20525,0
20526,0
20527,0
20528,0
20530,0
20533,0
20543,0
20544,0
20547,0
20548,0
20549,0
20551,0
20552,0
20555,0
20556,0
20561,0
20566,0
20573,0
20574,0
20577,0
20578,0
20582,0
20585,0
20588,0
20592,0
20594,0
20598,0
20603,0
20607,0
20610,0
20616,0
20624,0
20626,0
20627,0
20628,0
20629,0
20635,0
20640,0
20643,0
20646,0
20647,0
20648,0
20655,0
20656,0
20658,0
20664,0
20666,0
20670,0
20673,0
20677,0
20678,0
20680,0
20681,0
20685,0
20688,0
20689,0
20690,0
20692,0
20694,0
20695,0
20699,0
20710,0
20713,0
20714,0
20715,0
20720,0
20721,0
20723,0
20724,0
20728,0
20733,0
20734,0
20735,0
20738,0
20741,0
20747,0
20752,0
20753,0
20754,0
20756,0
20757,0
20761,0
20763,0
20766,0
20768,0
20772,0
20776,0
20781,0
20784,0
20786,0
20787,0
20788,0
20792,0
20793,0
20797,0
20798,0
20800,0
20808,0
20818,0
20819,0
20824,0
20825,0
20827,0
20828,0
20829,0
20834,0
20844,0
20848,0
20850,0
20851,0
20852,0
20855,0
20863,0
20869,0
20870,0
20871,0
20880,0
20881,0
20886,0
20893,0
20894,0
20901,0
20905,0
20909,0
20912,0
20913,0
20914,0
20919,0
20920,0
20924,0
20927,0
20928,0
20929,0
20930,0
20933,0
20934,0
20940,0
20941,0
20944,0
20948,0
20954,0
20959,0
20962,0
20965,0
20966,0
20968,0
20969,0
20975,0
20976,0
20978,0
20979,0
20981,0
20982,0
20985,0
20988,0
20991,0
20993,0
20995,0
20996,0
20998,0
21001,0
21004,0
21008,0
21011,0
21012,0
21015,0
21016,0
21021,0
21024,0
21030,0
21031,0
21032,0
21033,0
21034,0
21042,0
21043,0
21048,0
21051,0
21056,0
21057,0
21058,0
21059,0
21060,0
21062,0
21066,0
21067,0
21070,0
21074,0
21080,0
21081,0
21082,0
21086,0
21089,0
21090,0
21095,0
21097,0
21103,0
21113,0
21114,0
21117,0
21122,0
21123,0
21129,0
21133,0
21135,0
21141,0
21148,0
21149,0
21151,0
21156,0
21157,0
21161,0
21163,0
21164,0
21168,0
21169,0
21171,0
21174,0
21175,0
21183,0
21187,0
21188,0
21189,0
21192,0
21195,0
21209,0
21210,0
21216,0
21217,0
21218,0
21221,0
21224,0
21225,0
21228,0
21230,0
21232,0
21235,0
21240,0
21246,0
21248,0
21253,0
21256,0
21257,0
21261,0
21262,0
21266,0
21267,0
21268,0
21270,0
21280,0
21294,0
21308,0
21310,0
21313,0
21314,0
21316,0
21319,0
21326,0
21333,0
21336,0
21340,0
21344,0
21345,0
21354,0
21358,0
21360,0
21368,0
21370,0
21372,0
21381,0
21382,0
21385,0
21386,0
21390,0
21394,0
21395,0
21398,0
21406,0
21409,0
21416,0
21422,0
21431,0
21434,0
21438,0
21443,0
21449,0
21450,0
21455,0
21457,0
21458,0
21462,0
21463,0
21474,0
21478,0
21480,0
21484,0
21488,0
21489,0
21498,0
21501,0
21502,0
21503,0
21509,0
21511,0
21512,0
21517,0
21522,0
21524,0
21526,0
21534,0
21536,0
21539,0
21540,0
21541,0
21544,0
21551,0
21552,0
21555,0
21556,0
21557,0
21559,0
21565,0
21568,0
21572,0
21576,0
21580,0
21584,0
21586,0
21587,0
21588,0
21591,0
21592,0
21593,0
21595,0
21597,0
21599,0
21605,0
21617,0
21619,0
21621,0
21622,0
21624,0
21627,0
21628,0
21630,0
21638,0
21641,0
21648,0
21649,0
21650,0
21652,0
21654,0
21655,0
21658,0
21661,0
21669,0
21671,0
21675,0
21677,0
21682,0
21683,0
21685,0
21687,0
21688,0
21690,0
21695,0
21696,0
21697,0
21698,0
21699,0
21700,0
21706,0
21707,0
21714,0
21716,0
21718,0
21732,0
21733,0
21739,0
21740,0
21742,0
21743,0
21747,0
21748,0
21749,0
21750,0
21752,0
21763,0
21764,0
21769,0
21775,0
21776,0
21777,0
21778,0
21780,0
21781,0
21782,0
21783,0
21786,0
21787,0
21794,0
21800,0
21806,0
21807,0
21810,0
21811,0
21816,0
21818,0
21820,0
21822,0
21829,0
21830,0
21834,0
21835,0
21842,0
21845,0
21850,0
21854,0
21855,0
21856,0
21863,0
21873,0
21874,0
21876,0
21883,0
21884,0
21886,0
21892,0
21895,0
21896,0
21904,0
21907,0
21910,0
21919,0
21923,0
21924,0
21928,0
21929,0
21931,0
21933,0
21938,0
21946,0
21958,0
21961,0
21963,0
21966,0
21972,0
21976,0
21977,0
21987,0
21989,0
21991,0
21995,0
21997,0
22001,0
22003,0
22009,0
22010,0
22012,0
22021,0
22027,0
22029,0
22030,0
22031,0
22032,0
22035,0
22036,0
22042,0
22043,0
22044,0
22046,0
22047,0
22049,0
22052,0
22053,0
22055,0
22060,0
22061,0
22063,0
22065,0
22076,0
22082,0
22085,0
22088,0
22096,0
22098,0
22101,0
22102,0
22105,0
22108,0
22112,0
22115,0
22117,0
22119,0
22121,0
22123,0
22125,0
22128,0
22129,0
22130,0
22133,0
22140,0
22141,0
22142,0
22144,0
22152,0
22154,0
22155,0
22159,0
22161,0
22164,0
22166,0
22174,0
22175,0
22176,0
22179,0
22181,0
22182,0
22186,0
22191,0
22196,0
22197,0
22206,0
22207,0
22210,0
22218,0
22223,0
22224,0
22225,0
22227,0
22229,0
22231,0
22233,0
22241,0
22242,0
22243,0
22252,0
22258,0
22261,0
22262,0
22266,0
22270,0
22271,0
22272,0
22273,0
22274,0
22277,0
22278,0
22279,0
22282,0
22298,0
22304,0
22306,0
22317,0
22321,0
22322,0
22325,0
22328,0
22332,0
22333,0
22335,0
22341,0
22343,0
22345,0
22347,0
22353,0
22355,0
22361,0
22365,0
22366,0
22375,0
22382,0
22387,0
22391,0
22394,0
22407,0
22408,0
22410,0
22422,0
22423,0
22424,0
22426,0
22431,0
22438,0
22441,0
22442,0
22445,0
22450,0
22453,0
22456,0
22457,0
22459,0
22464,0
22469,0
22473,0
22481,0
22482,0
22485,0
22487,0
22492,0
22493,0
22494,0
22497,0
22498,0
22500,0
22509,0
22511,0
22515,0
22518,0
22521,0
22525,0
22526,0
22528,0
22533,0
22534,0
22535,0
22536,0
22537,0
22538,0
22543,0
22544,0
22549,0
22551,0
22553,0
22566,0
22567,0
22581,0
22584,0
22585,0
22590,0
22591,0
22596,0
22598,0
22599,0
22603,0
22607,0
22612,0
22617,0
22620,0
22622,0
22623,0
22625,0
22630,0
22635,0
22640,0
22643,0
22644,0
22646,0
22647,0
22651,0
22656,0
22660,0
22663,0
22665,0
22672,0
22673,0
22675,0
22676,0
22680,0
22681,0
22684,0
22685,0
22686,0
22687,0
22690,0
22694,0
22695,0
22699,0
22700,0
22704,0
22712,0
22713,0
22724,0
22728,0
22731,0
22738,0
22739,0
22745,0
22746,0
22750,0
22751,0
22753,0
22756,0
22760,0
22763,0
22764,0
22765,0
22767,0
22768,0
22769,0
22772,0
22777,0
22778,0
22779,0
22780,0
22782,0
22784,0
22788,0
22793,0
22796,0
22798,0
22805,0
22806,0
22808,0
22812,0
22815,0
22818,0
22827,0
22836,0
22837,0
22839,0
22840,0
22845,0
22846,0
22848,0
22849,0
22852,0
22858,0
22859,0
22861,0
22866,0
22871,0
22879,0
22887,0
22893,0
22898,0
22900,0
22905,0
22909,0
22911,0
22912,0
22915,0
22918,0
22920,0
22929,0
22937,0
22942,0
22945,0
22949,0
22952,0
22953,0
22954,0
22955,0
22957,0
22958,0
22961,0
22964,0
22965,0
22966,0
22970,0
22972,0
22974,0
22978,0
22981,0
22983,0
22988,0
22990,0
22996,0
22998,0
23002,0
23007,0
23008,0
23009,0
23012,0
23015,0
23016,0
23017,0
23020,0
23022,0
23024,0
23025,0
23028,0
23030,0
23031,0
23040,0
23043,0
23045,0
23050,0
23051,0
23053,0
23054,0
23055,0
23057,0
23059,0
23061,0
23063,0
23064,0
23066,0
23067,0
23070,0
23071,0
23074,0
23077,0
23078,0
23087,0
23095,0
23096,0
23097,0
23100,0
23102,0
23103,0
23107,0
23118,0
23121,0
23131,0
23135,0
23136,0
23137,0
23140,0
23143,0
23144,0
23147,0
23149,0
23151,0
23155,0
23156,0
23160,0
23164,0
23168,0
23177,0
23178,0
23182,0
23183,0
23186,0
23188,0
23190,0
23193,0
23196,0
23199,0
23200,0
23201,0
23202,0
23216,0
23223,0
23224,0
23227,0
23232,0
23235,0
23236,0
23237,0
23238,0
23239,0
23241,0
23246,0
23251,0
23252,0
23262,0
23264,0
23267,0
23269,0
23271,0
23272,0
23273,0
23275,0
23277,0
23279,0
23292,0
23294,0
23295,0
23297,0
23299,0
23302,0
23311,0
23321,0
23323,0
23324,0
23329,0
23335,0
23345,0
23346,0
23350,0
23354,0
23356,0
23360,0
23362,0
23366,0
23375,0
23385,0
23388,0
23391,0
23398,0
23399,0
23402,0
23404,0
23405,0
23411,0
23412,0
23414,0
23416,0
23422,0
23425,0
23429,0
23430,0
23432,0
23443,0
23445,0
23449,0
23452,0
23453,0
23455,0
23456,0
23459,0
23460,0
23462,0
23465,0
23468,0
23473,0
23475,0
23477,0
23482,0
23483,0
23488,0
23492,0
23498,0
23501,0
23508,0
23509,0
23515,0
23522,0
23523,0
23526,0
23538,0
23541,0
23542,0
23552,0
23557,0
23558,0
23561,0
23563,0
23565,0
23566,0
23568,0
23570,0
23575,0
23578,0
23585,0
23586,0
23594,0
23596,0
23598,0
23608,0
23609,0
23613,0
23625,0
23628,0
23631,0
23635,0
23641,0
23643,0
23645,0
23646,0
23647,0
23654,0
23658,0
23665,0
23669,0
23679,0
23688,0
23689,0
23693,0
23695,0
23701,0
23702,0
23706,0
23707,0
23709,0
23710,0
23712,0
23713,0
23714,0
23716,0
23718,0
23720,0
23731,0
23732,0
23733,0
23734,0
23735,0
23736,0
23744,0
23748,0
23750,0
23756,0
23759,0
23760,0
23764,0
23767,0
23768,0
23773,0
23774,0
23784,0
23790,0
23797,0
23798,0
23799,0
23806,0
23810,0
23812,0
23813,0
23816,0
23817,0
23818,0
23823,0
23830,0
23832,0
23834,0
23835,0
23836,0
23842,0
23843,0
23844,0
23853,0
23858,0
23863,0
23864,0
23866,0
23869,0
23874,0
23878,0
23879,0
23884,0
23894,0
23895,0
23897,0
23898,0
23899,0
23901,0
23903,0
23905,0
23907,0
23916,0
23919,0
23920,0
23921,0
23925,0
23940,0
23947,0
23950,0
23953,0
23955,0
23961,0
23963,0
23965,0
23969,0
23970,0
23971,0
23977,0
23980,0
23982,0
23987,0
23989,0
23994,0
23995,0
23996,0
24000,0
24003,0
24014,0
24015,0
24021,0
24022,0
24023,0
24025,0
24029,0
24030,0
24031,0
24034,0
24040,0
24043,0
24046,0
24047,0
24048,0
24051,0
24059,0
24064,0
24066,0
24078,0
24079,0
24082,0
24085,0
24086,0
24089,0
24090,0
24097,0
24099,0
24101,0
24102,0
24103,0
24107,0
24109,0
24110,0
24111,0
24113,0
24114,0
24118,0
24124,0
24125,0
24129,0
24135,0
24137,0
24138,0
24139,0
24148,0
24150,0
24151,0
24152,0
24155,0
24167,0
24169,0
24172,0
24182,0
24185,0
24189,0
24195,0
24196,0
24204,0
24212,0
24215,0
24217,0
24220,0
24228,0
24231,0
24237,0
24238,0
24239,0
24249,0
24253,0
24256,0
24258,0
24259,0
24260,0
24263,0
24269,0
24272,0
24278,0
24279,0
24281,0
24285,0
24287,0
24289,0
24290,0
24291,0
24293,0
24297,0
24307,0
24308,0
24311,0
24322,0
24336,0
24337,0
24341,0
24348,0
24354,0
24355,0
24356,0
24359,0
24360,0
24361,0
24362,0
24364,0
24366,0
24368,0
24372,0
24373,0
24384,0
24385,0
24391,0
24392,0
24393,0
24397,0
24402,0
24403,0
24404,0
24405,0
24412,0
24421,0
24432,0
24435,0
24439,0
24444,0
24446,0
24451,0
24453,0
24458,0
24463,0
24469,0
24475,0
24477,0
24486,0
24487,0
24488,0
24489,0
24490,0
24491,0
24496,0
24503,0
24508,0
24512,0
24514,0
24519,0
24520,0
24521,0
24522,0
24525,0
24534,0
24536,0
24537,0
24539,0
24541,0
24549,0
24551,0
24554,0
24562,0
24563,0
24567,0
24569,0
24573,0
24576,0
24584,0
24591,0
24592,0
24593,0
24595,0
24598,0
24599,0
24602,0
24603,0
24604,0
24605,0
24610,0
24613,0
24614,0
24615,0
24619,0
24621,0
24625,0
24630,0
24631,0
24632,0
24636,0
24643,0
24647,0
24648,0
24653,0
24654,0
24656,0
24662,0
24673,0
24674,0
24681,0
24682,0
24683,0
24693,0
24694,0
24695,0
24699,0
24705,0
24710,0
24719,0
24729,0
24738,0
24739,0
24743,0
24744,0
24748,0
24752,0
24756,0
24762,0
24764,0
24770,0
24773,0
24787,0
24788,0
24791,0
24796,0
24800,0
24801,0
24805,0
24807,0
24810,0
24813,0
24822,0
24824,0
24830,0
24837,0
24838,0
24840,0
24841,0
24848,0
24849,0
24850,0
24852,0
24854,0
24857,0
24859,0
24865,0
24869,0
24875,0
24877,0
24883,0
24886,0
24887,0
24890,0
24891,0
24899,0
24900,0
24905,0
24906,0
24907,0
24908,0
24913,0
24914,0
24915,0
24918,0
24920,0
24929,0
24931,0
24932,0
24937,0
24945,0
24948,0
24950,0
24951,0
24954,0
24956,0
24967,0
24969,0
24971,0
24973,0
24975,0
24982,0
24983,0
24986,0
24990,0
24992,0
24995,0
24996,0
24999,0
25001,0
25002,0
25003,0
25008,0
25013,0
25015,0
25017,0
25020,0
25022,0
25028,0
25029,0
25034,0
25036,0
25037,0
25038,0
25040,0
25042,0
25043,0
25050,0
25052,0
25053,0
25058,0
25061,0
25065,0
25068,0
25069,0
25073,0
25080,0
25082,0
25085,0
25086,0
25087,0
25090,0
25092,0
25095,0
25098,0
25104,0
25105,0
25111,0
25112,0
25115,0
25116,0
25119,0
25120,0
25122,0
25125,0
25134,0
25142,0
25143,0
25147,0
25152,0
25155,0
25159,0
25162,0
25167,0
25176,0
25178,0
25181,0
25182,0
25184,0
25185,0
25189,0
25190,0
25195,0
25202,0
25206,0
25209,0
25213,0
25214,0
25216,0
25217,0
25221,0
25225,0
25229,0
25236,0
25240,0
25244,0
25247,0
25248,0
25257,0
25258,0
25259,0
25261,0
25265,0
25275,0
25276,0
25278,0
25282,0
25288,0
25289,0
25290,0
25293,0
25294,0
25296,0
25297,0
25298,0
25302,0
25304,0
25305,0
25306,0
25308,0
25311,0
25314,0
25315,0
25320,0
25321,0
25324,0
25343,0
25347,0
25352,0
25357,0
25358,0
25360,0
25362,0
25368,0
25371,0
25375,0
25383,0
25392,0
25405,0
25407,0
25408,0
25411,0
25412,0
25414,0
25416,0
25421,0
25426,0
25431,0
25433,0
25440,0
25444,0
25446,0
25451,0
25452,0
25453,0
25462,0
25463,0
25464,0
25472,0
25473,0
25474,0
25476,0
25479,0
25480,0
25484,0
25485,0
25486,0
25490,0
25497,0
25502,0
25506,0
25510,0
25512,0
25513,0
25519,0
25521,0
25523,0
25527,0
25528,0
25530,0
25534,0
25539,0
25540,0
25546,0
25548,0
25551,0
25553,0
25554,0
25557,0
25563,0
25564,0
25570,0
25571,0
25577,0
25582,0
25588,0
25592,0
25595,0
25598,0
25600,0
25604,0
25607,0
25608,0
25620,0
25621,0
25624,0
25633,0
25634,0
25637,0
25642,0
25648,0
25651,0
25652,0
25657,0
25660,0
25665,0
25672,0
25673,0
25678,0
25680,0
25681,0
25683,0
25687,0
25695,0
25699,0
25700,0
25703,0
25704,0
25707,0
25710,0
25715,0
25716,0
25717,0
25738,0
25741,0
25743,0
25747,0
25749,0
25750,0
25755,0
25756,0
25757,0
25763,0
25765,0
25771,0
25772,0
25781,0
25785,0
25786,0
25788,0
25790,0
25797,0
25799,0
25800,0
25801,0
25802,0
25804,0
25805,0
25808,0
25811,0
25813,0
25815,0
25816,0
25826,0
25828,0
25829,0
25832,0
25833,0
25834,0
25837,0
25838,0
25839,0
25840,0
25844,0
25847,0
25851,0
25854,0
25860,0
25864,0
25866,0
25867,0
25869,0
25871,0
25872,0
25873,0
25874,0
25876,0
25887,0
25888,0
25890,0
25897,0
25900,0
25901,0
25902,0
25904,0
25905,0
25909,0
25915,0
25916,0
25920,0
25928,0
25936,0
25937,0
25941,0
25942,0
25946,0
25947,0
25949,0
25952,0
25953,0
25955,0
25958,0
25961,0
25963,0
25964,0
25965,0
25967,0
25968,0
25969,0
25972,0
25973,0
25977,0
25978,0
25979,0
25981,0
25983,0
25984,0
25985,0
25997,0
25999,0
26000,0
26006,0
26008,0
26011,0
26012,0
26015,0
26019,0
26023,0
26024,0
26032,0
26042,0
26044,0
26046,0
26049,0
26062,0
26065,0
26066,0
26067,0
26069,0
26070,0
26071,0
26080,0
26081,0
26084,0
26092,0
26097,0
26100,0
26103,0
26104,0
26106,0
26112,0
26113,0
26115,0
26118,0
26121,0
26122,0
26125,0
26126,0
26128,0
26129,0
26135,0
26136,0
26141,0
26142,0
26144,0
26148,0
26149,0
26166,0
26170,0
26182,0
26183,0
26186,0
26192,0
26195,0
26198,0
26199,0
26201,0
26202,0
26204,0
26207,0
26210,0
26217,0
26218,0
26224,0
26227,0
26229,0
26233,0
26234,0
26238,0
26240,0
26242,0
26244,0
26245,0
26246,0
26254,0
26256,0
26257,0
26263,0
26265,0
26266,0
26271,0
26276,0
26280,0
26281,0
26282,0
26285,0
26287,0
26292,0
26297,0
26301,0
26303,0
26311,0
26314,0
26320,0
26321,0
26324,0
26327,0
26334,0
26335,0
26338,0
26340,0
26346,0
26350,0
26352,0
26353,0
26354,0
26355,0
26357,0
26364,0
26367,0
26368,0
26369,0
26370,0
26387,0
26392,0
26393,0
26394,0
26397,0
26398,0
26400,0
26409,0
26410,0
26419,0
26421,0
26422,0
26423,0
26425,0
26427,0
26429,0
26431,0
26436,0
26437,0
26438,0
26448,0
26456,0
26459,0
26460,0
26463,0
26464,0
26470,0
26475,0
26477,0
26481,0
26483,0
26484,0
26487,0
26489,0
26490,0
26493,0
26496,0
26497,0
26499,0
26500,0
26501,0
26504,0
26505,0
26506,0
26508,0
26509,0
26512,0
26516,0
26517,0
26521,0
26524,0
26527,0
26530,0
26531,0
26532,0
26533,0
26536,0
26538,0
26539,0
26544,0
26547,0
26549,0
26552,0
26553,0
26556,0
26557,0
26559,0
26562,0
26566,0
26567,0
26579,0
26581,0
26587,0
26591,0
26593,0
26596,0
26597,0
26598,0
26599,0
26603,0
26606,0
26607,0
26614,0
26616,0
26617,0
26619,0
26622,0
26623,0
26624,0
26625,0
26628,0
26629,0
26640,0
26641,0
26642,0
26645,0
26646,0
26647,0
26649,0
26656,0
26658,0
26659,0
26661,0
26664,0
26665,0
26669,0
26671,0
26672,0
26688,0
26696,0
26697,0
26698,0
26699,0
26700,0
26702,0
26704,0
26706,0
26711,0
26713,0
26715,0
26721,0
26728,0
26729,0
26730,0
26737,0
26739,0
26742,0
26749,0
26752,0
26755,0
26756,0
26765,0
26778,0
26783,0
26787,0
26788,0
26791,0
26793,0
26794,0
26795,0
26798,0
26800,0
26809,0
26812,0
26815,0
26819,0
26826,0
26829,0
26832,0
26835,0
26837,0
26839,0
26840,0
26844,0
26848,0
26856,0
26857,0
26858,0
26860,0
26861,0
26862,0
26867,0
26873,0
26878,0
26881,0
26882,0
26889,0
26894,0
26895,0
26900,0
26904,0
26907,0
26909,0
26914,0
26918,0
26919,0
26921,0
26922,0
26924,0
26927,0
26932,0
26933,0
26941,0
26942,0
26944,0
26947,0
26952,0
26956,0
26959,0
26961,0
26963,0
26967,0
26968,0
26969,0
26971,0
26972,0
26976,0
26988,0
26990,0
26992,0
26993,0
27001,0
27004,0
27006,0
27008,0
27010,0
27012,0
27016,0
27017,0
27021,0
27026,0
27033,0
27035,0
27037,0
27038,0
27040,0
27043,0
27048,0
27049,0
27051,0
27057,0
27058,0
27061,0
27068,0
27069,0
27073,0
27077,0
27082,0
27083,0
27084,0
27086,0
27088,0
27094,0
27109,0
27111,0
27116,0
27119,0
27125,0
27127,0
27133,0
27141,0
27142,0
27146,0
27147,0
27149,0
27153,0
27156,0
27158,0
27159,0
27162,0
27165,0
27166,0
27171,0
27175,0
27176,0
27180,0
27181,0
27183,0
27186,0
27187,0
27188,0
27194,0
27198,0
27206,0
27208,0
27211,0
27213,0
27225,0
27226,0
27227,0
27230,0
27233,0
27237,0
27241,0
27247,0
27251,0
27254,0
27255,0
27259,0
27262,0
27265,0
27267,0
27272,0
27275,0
27279,0
27280,0
27282,0
27283,0
27293,0
27295,0
27298,0
27299,0
27301,0
27304,0
27305,0
27309,0
27312,0
27317,0
27319,0
27320,0
27322,0
27327,0
27333,0
27334,0
27337,0
27341,0
27345,0
27349,0
27351,0
27359,0
27361,0
27363,0
27364,0
27367,0
27368,0
27372,0
27375,0
27376,0
27377,0
27379,0
27380,0
27383,0
27384,0
27385,0
27386,0
27388,0
27391,0
27394,0
27395,0
27397,0
27398,0
27401,0
27403,0
27409,0
27410,0
27414,0
27415,0
27417,0
27420,0
27423,0
27424,0
27425,0
27429,0
27431,0
27434,0
27437,0
27438,0
27445,0
27446,0
27462,0
27470,0
27472,0
27479,0
27481,0
27482,0
27483,0
27485,0
27488,0
27496,0
27500,0
27505,0
27507,0
27508,0
27512,0
27518,0
27521,0
27526,0
27530,0
27531,0
27532,0
27537,0
27539,0
27542,0
27544,0
27548,0
27551,0
27554,0
27555,0
27568,0
27569,0
27576,0
27589,0
27592,0
27595,0
27597,0
27601,0
27607,0
27608,0
27609,0
27614,0
27616,0
27621,0
27623,0
27630,0
27632,0
27633,0
27641,0
27646,0
27648,0
27655,0
27657,0
27659,0
27665,0
27668,0
27671,0
27672,0
27673,0
27674,0
27679,0
27681,0
27683,0
27684,0
27686,0
27692,0
27693,0
27694,0
27696,0
27698,0
27703,0
27708,0
27709,0
27710,0
27715,0
27717,0
27719,0
27722,0
27726,0
27730,0
27732,0
27733,0
27735,0
27741,0
27742,0
27747,0
27751,0
27758,0
27764,0
27765,0
27767,0
27768,0
27769,0
27776,0
27783,0
27786,0
27787,0
27793,0
27801,0
27804,0
27805,0
27813,0
27816,0
27819,0
27823,0
27824,0
27831,0
27835,0
27836,0
27837,0
27838,0
27839,0
27845,0
27850,0
27854,0
27856,0
27859,0
27865,0
27868,0
27869,0
27878,0
27879,0
27883,0
27884,0
27886,0
27887,0
27890,0
27892,0
27893,0
27895,0
27903,0
27908,0
27911,0
27917,0
27921,0
27922,0
27929,0
27942,0
27943,0
27951,0
27956,0
27962,0
27964,0
27968,0
27969,0
27972,0
27973,0
27978,0
27983,0
27993,0
28002,0
28005,0
28006,0
28010,0
28017,0
28020,0
28028,0
28029,0
28030,0
28037,0
28038,0
28044,0
28047,0
28048,0
28050,0
28051,0
28052,0
28054,0
28058,0
28064,0
28065,0
28067,0
28072,0
28077,0
28081,0
28085,0
28091,0
28092,0
28095,0
28098,0
28099,0
28108,0
28111,0
28113,0
28115,0
28118,0
28123,0
28124,0
28130,0
28131,0
28133,0
28142,0
28143,0
28146,0
28152,0
28153,0
28156,0
28158,0
28162,0
28163,0
28170,0
28173,0
28174,0
28177,0
28179,0
28180,0
28181,0
28185,0
28186,0
28189,0
28190,0
28192,0
28197,0
28198,0
28202,0
28203,0
28204,0
28205,0
28209,0
28210,0
28214,0
28221,0
28222,0
28227,0
28229,0
28238,0
28248,0
28255,0
28260,0
28266,0
28269,0
28271,0
28278,0
28293,0
28298,0
28305,0
28307,0
28310,0
28313,0
28316,0
28321,0
28323,0
28325,0
28326,0
28332,0
28339,0
28342,0
28343,0
28344,0
28345,0
28348,0
28352,0
28353,0
28356,0
28359,0
28366,0
28368,0
28374,0
28375,0
28380,0
28381,0
28390,0
28393,0
28394,0
28396,0
28409,0
28410,0
28412,0
28415,0
28417,0
28418,0
28419,0
28424,0
28431,0
28432,0
28433,0
28434,0
28440,0
28442,0
28443,0
28451,0
28455,0
28457,0
28458,0
28461,0
28463,0
28469,0
28470,0
28472,0
28476,0
28479,0
28480,0
28482,0
28483,0
28485,0
28487,0
28489,0
28492,0
28493,0
28496,0
28497,0
28499,0
28504,0
28505,0
28514,0
28518,0
28521,0
28522,0
28526,0
28528,0
28530,0
28536,0
28540,0
28546,0
28550,0
28551,0
28552,0
28561,0
28566,0
28567,0
28572,0
28582,0
28585,0
28586,0
28588,0
28590,0
28593,0
28596,0
28602,0
28605,0
28607,0
28611,0
28612,0
28616,0
28617,0
28631,0
28632,0
28633,0
28643,0
28644,0
28645,0
28646,0
28647,0
28651,0
28652,0
28659,0
28660,0
28661,0
28663,0
28672,0
28678,0
28680,0
28682,0
28686,0
28691,0
28695,0
28698,0
28707,0
28710,0
28722,0
28724,0
28726,0
28727,0
28728,0
28731,0
28736,0
28741,0
28749,0
28756,0
28757,0
28761,0
28765,0
28770,0
28777,0
28783,0
28785,0
28789,0
28790,0
28793,0
28794,0
28798,0
28800,0
28801,0
28807,0
28809,0
28814,0
28816,0
28818,0
28820,0
28823,0
28837,0
28839,0
28851,0
28854,0
28856,0
28857,0
28859,0
28860,0
28864,0
28865,0
28868,0
28869,0
28872,0
28874,0
28875,0
28878,0
28879,0
28882,0
28883,0
28892,0
28901,0
28905,0
28907,0
28910,0
28912,0
28914,0
28915,0
28919,0
28922,0
28925,0
28927,0
28929,0
28931,0
28932,0
28938,0
28939,0
28940,0
28941,0
28945,0
28948,0
28949,0
28950,0
28952,0
28956,0
28959,0
28969,0
28970,0
28974,0
28976,0
28978,0
28979,0
28980,0
28983,0
28985,0
28988,0
28991,0
28994,0
29001,0
29006,0
29007,0
29008,0
29009,0
29010,0
29021,0
29024,0
29025,0
29030,0
29034,0
29036,0
29041,0
29042,0
29044,0
29047,0
29048,0
29049,0
29050,0
29053,0
29067,0
29068,0
29069,0
29079,0
29083,0
29085,0
29090,0
29091,0
29093,0
29098,0
29100,0
29102,0
29103,0
29105,0
29113,0
29119,0
29125,0
29128,0
29132,0
29135,0
29138,0
29148,0
29149,0
29151,0
29152,0
29156,0
29157,0
29162,0
29167,0
29173,0
29174,0
29176,0
29177,0
29179,0
29183,0
29185,0
29187,0
29194,0
29196,0
29197,0
29198,0
29201,0
29203,0
29207,0
29209,0
29210,0
29212,0
29215,0
29223,0
29226,0
29227,0
29232,0
29238,0
29239,0
29240,0
29242,0
29244,0
29246,0
29247,0
29248,0
29250,0
29254,0
29256,0
29274,0
29276,0
29282,0
29296,0
29298,0
29307,0
29309,0
29321,0
29324,0
29325,0
29328,0
29329,0
29331,0
29334,0
29335,0
29338,0
29341,0
29343,0
29346,0
29349,0
29359,0
29363,0
29365,0
29368,0
29372,0
29374,0
29375,0
29380,0
29381,0
29383,0
29384,0
29387,0
29394,0
29399,0
29401,0
29402,0
29409,0
29415,0
29416,0
29418,0
29420,0
29421,0
29422,0
29427,0
29430,0
29431,0
29432,0
29434,0
29439,0
29445,0
29446,0
29449,0
29452,0
29456,0
29457,0
29459,0
29462,0
29463,0
29468,0
29469,0
29472,0
29474,0
29475,0
29478,0
29479,0
29481,0
29489,0
29501,0
29505,0
29506,0
29515,0
29516,0
29526,0
29527,0
29535,0
29538,0
29544,0
29545,0
29546,0
29552,0
29560,0
29561,0
29563,0
29569,0
29573,0
29574,0
29576,0
29577,0
29583,0
29584,0
29588,0
29589,0
29590,0
29595,0
29596,0
29603,0
29606,0
29607,0
29608,0
29609,0
29614,0
29621,0
29622,0
29630,0
29631,0
29636,0
29638,0
29641,0
29643,0
29658,0
29659,0
29660,0
29669,0
29670,0
29674,0
29675,0
29678,0
29681,0
29682,0
29683,0
29686,0
29687,0
29689,0
29690,0
29693,0
29696,0
29700,0
29702,0
29704,0
29708,0
29712,0
29727,0
29732,0
29734,0
29740,0
29742,0
29744,0
29748,0
29749,0
29751,0
29754,0
29756,0
29759,0
29762,0
29764,0
29771,0
29780,0
29783,0
29788,0
29789,0
29796,0
29799,0
29800,0
29801,0
29807,0
29809,0
29810,0
29814,0
29817,0
29818,0
29819,0
29821,0
29826,0
29827,0
29828,0
29831,0
29832,0
29833,0
29834,0
29841,0
29842,0
29848,0
29851,0
29852,0
29855,0
29857,0
29858,0
29866,0
29867,0
29876,0
29879,0
29880,0
29882,0
29883,0
29886,0
29890,0
29891,0
29892,0
29894,0
29895,0
29899,0
29900,0
29901,0
29906,0
29908,0
29913,0
29923,0
29926,0
29927,0
29930,0
29933,0
29934,0
29935,0
29938,0
29942,0
29943,0
29951,0
29961,0
29962,0
29965,0
29966,0
29970,0
29971,0
29975,0
29983,0
29986,0
29989,0
29991,0
29998,0
29999,0
30001,0
30008,0
30011,0
30016,0
30019,0
30022,0
30029,0
30033,0
30034,0
30039,0
30041,0
30042,0
30054,0
30057,0
30059,0
30062,0
30065,0
30066,0
30068,0
30070,0
30073,0
30075,0
30076,0
30077,0
30081,0
30083,0
30084,0
30085,0
30092,0
30097,0
30100,0
30106,0
30107,0
30108,0
30116,0
30121,0
30128,0
30135,0
30136,0
30137,0
30140,0
30141,0
30153,0
30154,0
30156,0
30166,0
30167,0
30168,0
30174,0
30176,0
30189,0
30190,0
30191,0
30192,0
30193,0
30205,0
30207,0
30211,0
30213,0
30214,0
30216,0
30217,0
30220,0
30227,0
30228,0
30248,0
30249,0
30251,0
30252,0
30254,0
30255,0
30257,0
30259,0
30260,0
30262,0
30267,0
30269,0
30270,0
30271,0
30281,0
30283,0
30284,0
30291,0
30297,0
30303,0
30308,0
30311,0
30321,0
30322,0
30324,0
30325,0
30331,0
30332,0
30333,0
30344,0
30345,0
30349,0
30362,0
30363,0
30364,0
30365,0
30366,0
30367,0
30370,0
30371,0
30372,0
30375,0
30385,0
30386,0
30387,0
30391,0
30404,0
30405,0
30417,0
30418,0
30420,0
30423,0
30424,0
30425,0
30429,0
30433,0
30434,0
30435,0
30436,0
30437,0
30439,0
30443,0
30444,0
30445,0
30447,0
30448,0
30456,0
30461,0
30463,0
30466,0
30467,0
30469,0
30474,0
30478,0
30479,0
30483,0
30484,0
30485,0
30488,0
30490,0
30492,0
30496,0
30501,0
30502,0
30504,0
30506,0
30507,0
30510,0
30518,0
30520,0
30522,0
30523,0
30524,0
30528,0
30530,0
30533,0
30534,0
30540,0
30546,0
30559,0
30560,0
30568,0
30573,0
30574,0
30575,0
30579,0
30584,0
30585,0
30586,0
30587,0
30592,0
30599,0
30609,0
30616,0
30627,0
30628,0
30631,0
30632,0
30634,0
30638,0
30639,0
30641,0
30642,0
30644,0
30652,0
30653,0
30655,0
30657,0
30664,0
30665,0
30670,0
30674,0
30678,0
30679,0
30682,0
30685,0
30690,0
30694,0
30695,0
30702,0
30706,0
30709,0
30722,0
30730,0
30735,0
30743,0
30744,0
30746,0
30750,0
30754,0
30758,0
30762,0
30766,0
30770,0
30771,0
30775,0
30776,0
30781,0
30782,0
30783,0
30785,0
30797,0
30804,0
30808,0
30812,0
30815,0
30816,0
30818,0
30819,0
30825,0
30828,0
30831,0
30836,0
30839,0
30842,0
30843,0
30847,0
30848,0
30849,0
30859,0
30863,0
30867,0
30869,0
30870,0
30871,0
30873,0
30878,0
30882,0
30888,0
30890,0
30891,0
30893,0
30894,0
30895,0
30898,0
30902,0
30905,0
30906,0
30909,0
30910,0
30914,0
30915,0
30916,0
30921,0
30942,0
30946,0
30948,0
30956,0
30957,0
30960,0
30970,0
30974,0
30979,0
30986,0
30989,0
30991,0
31002,0
31004,0
31005,0
31007,0
31008,0
31010,0
31011,0
31015,0
31016,0
31018,0
31020,0
31032,0
31043,0
31047,0
31049,0
31053,0
31054,0
31056,0
31063,0
31064,0
31066,0
31069,0
31071,0
31077,0
31083,0
31085,0
31088,0
31090,0
31092,0
31097,0
31100,0
31104,0
31105,0
31108,0
31109,0
31112,0
31118,0
31121,0
31123,0
31124,0
31133,0
31135,0
31136,0
31140,0
31141,0
31142,0
31143,0
31147,0
31148,0
31150,0
31155,0
31157,0
31167,0
31168,0
31170,0
31175,0
31178,0
31179,0
31182,0
31183,0
31184,0
31186,0
31188,0
31192,0
31194,0
31198,0
31202,0
31205,0
31212,0
31215,0
31216,0
31217,0
31219,0
31224,0
31225,0
31229,0
31232,0
31234,0
31238,0
31243,0
31245,0
31246,0
31247,0
31260,0
31261,0
31272,0
31273,0
31275,0
31276,0
31280,0
31285,0
31290,0
31293,0
31296,0
31300,0
31305,0
31308,0
31310,0
31311,0
31312,0
31317,0
31318,0
31319,0
31320,0
31321,0
31329,0
31331,0
31334,0
31337,0
31345,0
31349,0
31351,0
31354,0
31357,0
31361,0
31364,0
31368,0
31377,0
31378,0
31389,0
31390,0
31394,0
31396,0
31397,0
31398,0
31399,0
31404,0
31406,0
31407,0
31409,0
31411,0
31412,0
31414,0
31417,0
31419,0
31421,0
31422,0
31423,0
31424,0
31425,0
31429,0
31430,0
31431,0
31433,0
31437,0
31439,0
31441,0
31444,0
31445,0
31448,0
31449,0
31450,0
31452,0
31455,0
31457,0
31461,0
31462,0
31475,0
31476,0
31480,0
31481,0
31485,0
31486,0
31488,0
31490,0
31496,0
31501,0
31507,0
31513,0
31515,0
31518,0
31520,0
31523,0
31529,0
31530,0
31534,0
31536,0
31544,0
31559,0
31568,0
31573,0
31575,0
31577,0
31578,0
31581,0
31582,0
31585,0
31590,0
31592,0
31596,0
31606,0
31608,0
31609,0
31619,0
31620,0
31621,0
31622,0
31625,0
31639,0
31640,0
31642,0
31645,0
31649,0
31653,0
31666,0
31673,0
31675,0
31682,0
31688,0
31689,0
31691,0
31692,0
31699,0
31708,0
31709,0
31713,0
31715,0
31722,0
31730,0
31731,0
31735,0
31736,0
31738,0
31742,0
31744,0
31749,0
31755,0
31756,0
31758,0
31764,0
31767,0
31768,0
31770,0
31772,0
31774,0
31775,0
31785,0
31786,0
31795,0
31811,0
31812,0
31816,0
31824,0
31825,0
31829,0
31834,0
31835,0
31847,0
31848,0
31850,0
31852,0
31860,0
31861,0
31865,0
31868,0
31869,0
31870,0
31874,0
31876,0
31886,0
31888,0
31889,0
31891,0
31909,0
31911,0
31913,0
31915,0
31918,0
31919,0
31921,0
31924,0
31927,0
31931,0
31932,0
31934,0
31935,0
31937,0
31939,0
31941,0
31950,0
31951,0
31954,0
31956,0
31959,0
31962,0
31969,0
31974,0
31977,0
31978,0
31983,0
31984,0
31985,0
31995,0
31996,0
31998,0
32000,0
32001,0
32006,0
32007,0
32011,0
32012,0
32013,0
32015,0
32016,0
32017,0
32019,0
32025,0
32026,0
32027,0
32029,0
32030,0
32031,0
32032,0
32034,0
32035,0
32036,0
32038,0
32051,0
32056,0
32058,0
32060,0
32061,0
32067,0
32068,0
32072,0
32077,0
32080,0
32090,0
32093,0
32094,0
32096,0
32097,0
32098,0
32099,0
32104,0
32107,0
32115,0
32119,0
32121,0
32125,0
32134,0
32135,0
32139,0
32140,0
32143,0
32145,0
32146,0
32147,0
32152,0
32154,0
32159,0
32161,0
32162,0
32164,0
32166,0
32171,0
32173,0
32178,0
32179,0
32180,0
32187,0
32189,0
32200,0
32203,0
32205,0
32206,0
32211,0
32214,0
32215,0
32217,0
32220,0
32222,0
32229,0
32233,0
32239,0
32243,0
32245,0
32247,0
32249,0
32251,0
32255,0
32256,0
32258,0
32262,0
32265,0
32268,0
32273,0
32277,0
32284,0
32285,0
32287,0
32290,0
32293,0
32294,0
32296,0
32301,0
32302,0
32311,0
32313,0
32318,0
32323,0
32325,0
32328,0
32330,0
32331,0
32339,0
32340,0
32342,0
32351,0
32354,0
32355,0
32356,0
32360,0
32364,0
32365,0
32371,0
32378,0
32383,0
32384,0
32387,0
32388,0
32391,0
32394,0
32398,0
32400,0
32401,0
32402,0
32410,0
32412,0
32413,0
32415,0
32417,0
32418,0
32419,0
32420,0
32427,0
32430,0
32437,0
32438,0
32442,0
32445,0
32446,0
32448,0
32450,0
32451,0
32452,0
32453,0
32459,0
32460,0
32463,0
32465,0
32471,0
32472,0
32474,0
32475,0
32476,0
32478,0
32479,0
32480,0
32482,0
32485,0
32486,0
32492,0
32493,0
32497,0
32500,0
32503,0
32513,0
32518,0
32519,0
32520,0
32522,0
32523,0
32527,0
32528,0
32529,0
32530,0
32531,0
32536,0
32537,0
32540,0
32545,0
32547,0
32549,0
32550,0
32552,0
32555,0
32558,0
32561,0
32562,0
32565,0
32567,0
32568,0
32571,0
32573,0
32576,0
32580,0
32584,0
32587,0
32593,0
32594,0
32595,0
32599,0
32602,0
32604,0
32605,0
32610,0
32614,0
32623,0
32635,0
32641,0
32644,0
32645,0
32646,0
32649,0
32650,0
32651,0
32655,0
32661,0
32662,0
32667,0
32672,0
32674,0
32675,0
32679,0
32688,0
32691,0
32693,0
32695,0
32698,0
32699,0
32701,0
32702,0
32704,0
32713,0
32715,0
32721,0
32723,0
32725,0
32726,0
32728,0
32739,0
32741,0
32745,0
32750,0
32751,0
32754,0
32762,0
32763,0
32764,0
32769,0
32772,0
32780,0
32781,0
32783,0
32784,0
32786,0
32797,0
32800,0
32802,0
32812,0
32813,0
32814,0
32816,0
32818,0
32819,0
32824,0
32825,0
32827,0
32829,0
32832,0
32833,0
32835,0
32836,0
32837,0
32842,0
32845,0
32848,0
32850,0
32851,0
32856,0
32860,0
32864,0
32866,0
32868,0
32872,0
32874,0
32877,0
32881,0
32883,0
32885,0
32889,0
32890,0
32891,0
32898,0
32900,0
32902,0
32908,0
32913,0
32918,0
32923,0
32930,0
32937,0
32939,0
32941,0
32942,0
32943,0
32945,0
32948,0
32953,0
32961,0
32964,0
32967,0
32969,0
32970,0
32973,0
32974,0
32976,0
32978,0
32988,0
32993,0
33000,0
33002,0
33003,0
33004,0
33006,0
33010,0
33011,0
33012,0
33014,0
33017,0
33024,0
33029,0
33038,0
33051,0
33054,0
33061,0
33062,0
33063,0
33064,0
33065,0
33066,0
33067,0
33068,0
33069,0
33071,0
33074,0
33075,0
33079,0
33080,0
33082,0
33087,0
33089,0
33094,0
33095,0
33098,0
33104,0
33106,0
33108,0
33110,0
33111,0
33112,0
33121,0
33130,0
33131,0
33133,0
33141,0
33144,0
33146,0
33152,0
33154,0
33158,0
33159,0
33160,0
33162,0
33165,0
33167,0
33169,0
33173,0
33174,0
33177,0
33181,0
33186,0
33189,0
33190,0
33192,0
33198,0
33201,0
33203,0
33207,0
33210,0
33212,0
33213,0
33215,0
33221,0
33222,0
33224,0
33225,0
33227,0
33228,0
33229,0
33230,0
33234,0
33236,0
33242,0
33243,0
33247,0
33248,0
33250,0
33251,0
33253,0
33254,0
33256,0
33257,0
33259,0
33261,0
33264,0
33265,0
33269,0
33270,0
33272,0
33277,0
33278,0
33282,0
33286,0
33287,0
33288,0
33292,0
33296,0
33298,0
33300,0
33301,0
33302,0
33303,0
33304,0
33310,0
33315,0
33316,0
33318,0
33320,0
33321,0
33325,0
33332,0
33334,0
33336,0
33337,0
33340,0
33342,0
33344,0
33347,0
33353,0
33356,0
33357,0
33360,0
33361,0
33363,0
33366,0
33369,0
33377,0
33379,0
33386,0
33390,0
33392,0
33393,0
33399,0
33402,0
33404,0
33405,0
33408,0
33411,0
33412,0
33416,0
33423,0
33424,0
33434,0
33435,0
33436,0
33439,0
33441,0
33442,0
33446,0
33447,0
33448,0
33455,0
33457,0
33465,0
33468,0
33470,0
33471,0
33473,0
33477,0
33478,0
33479,0
33480,0
33481,0
33484,0
33486,0
33488,0
33489,0
33490,0
33491,0
33494,0
33503,0
33516,0
33518,0
33520,0
33522,0
33530,0
33533,0
33534,0
33536,0
33541,0
33544,0
33545,0
33552,0
33560,0
33561,0
33562,0
33571,0
33576,0
33579,0
33581,0
33582,0
33585,0
33586,0
33588,0
33600,0
33603,0
33606,0
33607,0
33609,0
33613,0
33619,0
33623,0
33624,0
33625,0
33636,0
33643,0
33644,0
33646,0
33648,0
33649,0
33666,0
33667,0
33677,0
33680,0
33685,0
33686,0
33695,0
33696,0
33700,0
33703,0
33709,0
33711,0
33712,0
33713,0
33715,0
33716,0
33721,0
33728,0
33729,0
33745,0
33752,0
33753,0
33758,0
33759,0
33760,0
33763,0
33765,0
33767,0
33768,0
33771,0
33777,0
33782,0
33789,0
33790,0
33791,0
33793,0
33797,0
33805,0
33807,0
33808,0
33811,0
33813,0
33816,0
33817,0
33821,0
33823,0
33829,0
33833,0
33844,0
33846,0
33847,0
33849,0
33850,0
33852,0
33853,0
33859,0
33864,0
33865,0
33867,0
33872,0
33873,0
33880,0
33883,0
33890,0
33900,0
33901,0
33906,0
33907,0
33910,0
33916,0
33922,0
33926,0
33927,0
33933,0
33939,0
33940,0
33941,0
33942,0
33943,0
33945,0
33948,0
33950,0
33957,0
33965,0
33968,0
33972,0
33973,0
33974,0
33975,0
33980,0
33984,0
33989,0
33992,0
33998,0
34000,0
34002,0
34004,0
34005,0
34011,0
34013,0
34014,0
34018,0
34021,0
34022,0
34024,0
34025,0
34036,0
34037,0
34040,0
34042,0
34044,0
34046,0
34047,0
34049,0
34050,0
34053,0
34058,0
34059,0
34065,0
34070,0
34076,0
34077,0
34079,0
34080,0
34093,0
34100,0
34102,0
34104,0
34108,0
34109,0
34110,0
34112,0
34114,0
34115,0
34117,0
34126,0
34129,0
34131,0
34134,0
34147,0
34148,0
34150,0
34155,0
34159,0
34160,0
34162,0
34165,0
34167,0
34172,0
34173,0
34180,0
34187,0
34189,0
34193,0
34195,0
34201,0
34208,0
34209,0
34211,0
34215,0
34223,0
34228,0
34231,0
34234,0
34238,0
34239,0
34240,0
34241,0
34242,0
34244,0
34245,0
34247,0
34251,0
34253,0
34254,0
34255,0
34257,0
34259,0
34263,0
34266,0
34269,0
34270,0
34271,0
34274,0
34275,0
34277,0
34281,0
34288,0
34292,0
34295,0
34296,0
34297,0
34299,0
34303,0
34316,0
34317,0
34318,0
34320,0
34322,0
34324,0
34329,0
34330,0
34331,0
34333,0
34334,0
34341,0
34342,0
34344,0
34349,0
34351,0
34355,0
34359,0
34364,0
34365,0
34368,0
34375,0
34377,0
34380,0
34387,0
34390,0
34393,0
34394,0
34397,0
34405,0
34408,0
34410,0
34411,0
34412,0
34418,0
34422,0
34427,0
34429,0
34432,0
34439,0
34440,0
34443,0
34444,0
34454,0
34462,0
34463,0
34471,0
34484,0
34488,0
34489,0
34497,0
34499,0
34500,0
34501,0
34506,0
34508,0
34510,0
34516,0
34526,0
34536,0
34539,0
34542,0
34543,0
34545,0
34546,0
34550,0
34556,0
34557,0
34558,0
34559,0
34560,0
34561,0
34568,0
34569,0
34572,0
34579,0
34581,0
34584,0
34585,0
34586,0
34593,0
34597,0
34598,0
34600,0
34601,0
34606,0
34611,0
34612,0
34614,0
34615,0
34619,0
34623,0
34625,0
34629,0
34631,0
34634,0
34635,0
34641,0
34647,0
34649,0
34651,0
34653,0
34657,0
34661,0
34663,0
34668,0
34669,0
34670,0
34672,0
34675,0
34676,0
34683,0
34684,0
34694,0
34708,0
34715,0
34716,0
34717,0
34718,0
34719,0
34729,0
34735,0
34736,0
34737,0
34741,0
34743,0
34744,0
34746,0
34747,0
34750,0
34751,0
34759,0
34760,0
34763,0
34766,0
34767,0
34768,0
34770,0
34776,0
34781,0
34783,0
34787,0
34791,0
34793,0
34796,0
34803,0
34807,0
34808,0
34810,0
34812,0
34813,0
34815,0
34819,0
34822,0
34825,0
34827,0
34828,0
34829,0
34830,0
34831,0
34835,0
34848,0
34850,0
34858,0
34860,0
34861,0
34863,0
34866,0
34870,0
34873,0
34874,0
34876,0
34883,0
34887,0
34888,0
34903,0
34909,0
34910,0
34911,0
34913,0
34917,0
34923,0
34925,0
34937,0
34944,0
34945,0
34947,0
34948,0
34949,0
34954,0
34955,0
34957,0
34958,0
34959,0
34960,0
34975,0
34978,0
34982,0
34987,0
34989,0
34991,0
34993,0
34995,0
34998,0
35007,0
35009,0
35016,0
35017,0
35021,0
35022,0
35025,0
35027,0
35028,0
35042,0
35053,0
35054,0
35064,0
35067,0
35068,0
35069,0
35073,0
35077,0
35084,0
35088,0
35093,0
35095,0
35100,0
35102,0
35103,0
35119,0
35124,0
35132,0
35135,0
35139,0
35140,0
35144,0
35145,0
35148,0
35151,0
35162,0
35163,0
35168,0
35169,0
35171,0
35174,0
35175,0
35176,0
35178,0
35180,0
35187,0
35191,0
35192,0
35194,0
35198,0
35203,0
35205,0
35206,0
35208,0
35213,0
35215,0
35217,0
35222,0
35225,0
35237,0
35238,0
35241,0
35242,0
35243,0
35247,0
35248,0
35256,0
35262,0
35264,0
35266,0
35269,0
35270,0
35273,0
35274,0
35275,0
35278,0
35279,0
35286,0
35295,0
35305,0
35309,0
35311,0
35312,0
35316,0
35320,0
35321,0
35323,0
35331,0
35337,0
35342,0
35343,0
35350,0
35356,0
35358,0
35363,0
35365,0
35371,0
35374,0
35378,0
35383,0
35389,0
35391,0
35392,0
35395,0
35399,0
35402,0
35406,0
35407,0
35410,0
35420,0
35421,0
35422,0
35427,0
35433,0
35435,0
35441,0
35442,0
35448,0
35449,0
35450,0
35453,0
35454,0
35459,0
35460,0
35463,0
35468,0
35470,0
35475,0
35476,0
35478,0
35488,0
35489,0
35493,0
35494,0
35495,0
35499,0
35507,0
35508,0
35512,0
35519,0
35520,0
35521,0
35525,0
35530,0
35539,0
35541,0
35543,0
35545,0
35549,0
35551,0
35552,0
35553,0
35559,0
35560,0
35561,0
35573,0
35574,0
35575,0
35578,0
35579,0
35582,0
35583,0
35584,0
35588,0
35590,0
35592,0
35594,0
35599,0
35602,0
35616,0
35618,0
35620,0
35621,0
35622,0
35623,0
35624,0
35626,0
35633,0
35640,0
35642,0
35643,0
35647,0
35652,0
35653,0
35657,0
35661,0
35665,0
35666,0
35670,0
35671,0
35672,0
35673,0
35677,0
35684,0
35686,0
35688,0
35691,0
35696,0
35699,0
35700,0
35701,0
35706,0
35708,0
35709,0
35723,0
35725,0
35726,0
35728,0
35731,0
35732,0
35734,0
35737,0
35738,0
35748,0
35751,0
35752,0
35753,0
35754,0
35755,0
35760,0
35765,0
35766,0
35771,0
35776,0
35777,0
35779,0
35782,0
35786,0
35794,0
35795,0
35804,0
35805,0
35807,0
35808,0
35810,0
35812,0
35814,0
35823,0
35824,0
35825,0
35830,0
35831,0
35835,0
35837,0
35838,0
35839,0
35844,0
35847,0
35848,0
35851,0
35852,0
35855,0
35859,0
35863,0
35865,0
35873,0
35878,0
35879,0
35882,0
35893,0
35894,0
35897,0
35899,0
35902,0
35903,0
35904,0
35907,0
35908,0
35911,0
35914,0
35916,0
35917,0
35919,0
35923,0
35927,0
35935,0
35936,0
35946,0
35947,0
35948,0
35951,0
35953,0
35960,0
35963,0
35964,0
35966,0
35975,0
35982,0
35986,0
35989,0
35990,0
35992,0
35994,0
35998,0
36003,0
36008,0
36009,0
36013,0
36015,0
36016,0
36019,0
36022,0
36030,0
36031,0
36033,0
36034,0
36038,0
36044,0
36050,0
36057,0
36061,0
36062,0
36063,0
36065,0
36070,0
36072,0
36078,0
36079,0
36080,0
36090,0
36094,0
36096,0
36099,0
36103,0
36104,0
36105,0
36106,0
36110,0
36117,0
36119,0
36120,0
36123,0
36130,0
36131,0
36138,0
36141,0
36143,0
36145,0
36146,0
36158,0
36163,0
36165,0
36167,0
36170,0
36179,0
36191,0
36193,0
36195,0
36196,0
36199,0
36208,0
36213,0
36223,0
36224,0
36227,0
36228,0
36229,0
36231,0
36233,0
36236,0
36246,0
36247,0
36252,0
36254,0
36259,0
36262,0
36264,0
36273,0
36276,0
36278,0
36281,0
36290,0
36291,0
36300,0
36305,0
36309,0
36317,0
36324,0
36329,0
36331,0
36332,0
36336,0
36338,0
36342,0
36343,0
36344,0
36347,0
36350,0
36351,0
36352,0
36353,0
36361,0
36366,0
36371,0
36372,0
36375,0
36376,0
36378,0
36379,0
36381,0
36382,0
36384,0
36385,0
36387,0
36389,0
36391,0
36393,0
36395,0
36396,0
36400,0
36401,0
36408,0
36409,0
36410,0
36414,0
36418,0
36429,0
36433,0
36440,0
36441,0
36443,0
36451,0
36457,0
36460,0
36465,0
36466,0
36472,0
36473,0
36476,0
36477,0
36478,0
36481,0
36485,0
36491,0
36495,0
36497,0
36499,0
36501,0
36502,0
36504,0
36506,0
36517,0
36519,0
36523,0
36532,0
36535,0
36538,0
36541,0
36543,0
36545,0
36546,0
36547,0
36553,0
36554,0
36555,0
36560,0
36565,0
36570,0
36572,0
36574,0
36576,0
36579,0
36587,0
36590,0
36594,0
36595,0
36598,0
36599,0
36602,0
36609,0
36614,0
36618,0
36619,0
36623,0
36629,0
36630,0
36634,0
36636,0
36640,0
36642,0
36646,0
36650,0
36654,0
36655,0
36660,0
36666,0
36667,0
36674,0
36675,0
36678,0
36683,0
36687,0
36693,0
36695,0
36696,0
36701,0
36702,0
36703,0
36708,0
36712,0
36713,0
36717,0
36718,0
36719,0
36720,0
36723,0
36724,0
36729,0
36731,0
36733,0
36734,0
36739,0
36742,0
36747,0
36755,0
36756,0
36761,0
36764,0
36766,0
36767,0
36768,0
36771,0
36772,0
36780,0
36792,0
36794,0
36795,0
36801,0
36809,0
36821,0
36822,0
36825,0
36830,0
36832,0
36837,0
36838,0
36841,0
36845,0
36847,0
36851,0
36852,0
36858,0
36864,0
36866,0
36868,0
36870,0
36874,0
36880,0
36882,0
36884,0
36885,0
36888,0
36890,0
36891,0
36894,0
36895,0
36896,0
36899,0
36900,0
36901,0
36906,0
36910,0
36913,0
36919,0
36928,0
36930,0
36933,0
36934,0
36935,0
36936,0
36938,0
36939,0
36955,0
36957,0
36965,0
36967,0
36971,0
36973,0
36978,0
36991,0
36992,0
36993,0
37001,0
37004,0
37005,0
37006,0
37023,0
37026,0
37027,0
37034,0
37041,0
37042,0
37047,0
37048,0
37063,0
37069,0
37072,0
37074,0
37077,0
37078,0
37079,0
37088,0
37089,0
37091,0
37096,0
37100,0
37101,0
37106,0
37114,0
37115,0
37118,0
37120,0
37122,0
37125,0
37142,0
37145,0
37155,0
37157,0
37164,0
37165,0
37166,0
37171,0
37172,0
37173,0
37179,0
37184,0
37186,0
37189,0
37198,0
37202,0
37203,0
37205,0
37206,0
37218,0
37222,0
37227,0
37229,0
37230,0
37232,0
37233,0
37236,0
37245,0
37246,0
37247,0
37248,0
37251,0
37261,0
37263,0
37268,0
37269,0
37271,0
37276,0
37278,0
37281,0
37286,0
37291,0
37292,0
37294,0
37296,0
37298,0
37300,0
37301,0
37302,0
37303,0
37306,0
37307,0
37310,0
37316,0
37318,0
37321,0
37322,0
37326,0
37327,0
37331,0
37333,0
37334,0
37335,0
37336,0
37337,0
37339,0
37341,0
37343,0
37346,0
37347,0
37349,0
37350,0
37356,0
37363,0
37370,0
37371,0
37372,0
37378,0
37381,0
37382,0
37383,0
37390,0
37396,0
37397,0
37403,0
37404,0
37405,0
37406,0
37416,0
37417,0
37418,0
37419,0
37422,0
37430,0
37431,0
37432,0
37435,0
37436,0
37438,0
37440,0
37443,0
37446,0
37447,0
37449,0
37450,0
37453,0
37455,0
37456,0
37458,0
37469,0
37471,0
37473,0
37476,0
37481,0
37487,0
37488,0
37496,0
37498,0
37499,0
37500,0
37507,0
37509,0
37511,0
37513,0
37515,0
37517,0
37518,0
37520,0
37522,0
37523,0
37527,0
37531,0
37532,0
37534,0
37540,0
37541,0
37546,0
37547,0
37553,0
37554,0
37561,0
37563,0
37565,0
37568,0
37572,0
37579,0
37580,0
37581,0
37582,0
37584,0
37585,0
37588,0
37593,0
37596,0
37599,0
37603,0
37605,0
37607,0
37608,0
37626,0
37628,0
37632,0
37635,0
37641,0
37644,0
37648,0
37650,0
37651,0
37653,0
37657,0
37658,0
37662,0
37663,0
37675,0
37684,0
37688,0
37690,0
37694,0
37697,0
37709,0
37713,0
37716,0
37717,0
37721,0
37725,0
37731,0
37733,0
37737,0
37740,0
37743,0
37744,0
37748,0
37752,0
37753,0
37754,0
37757,0
37765,0
37771,0
37773,0
37776,0
37777,0
37781,0
37782,0
37783,0
37790,0
37798,0
37800,0
37804,0
37806,0
37809,0
37812,0
37823,0
37825,0
37828,0
37834,0
37837,0
37839,0
37844,0
37845,0
37847,0
37850,0
37852,0
37862,0
37867,0
37868,0
37869,0
37873,0
37875,0
37878,0
37880,0
37884,0
37887,0
37888,0
37889,0
37890,0
37891,0
37892,0
37893,0
37895,0
37901,0
37902,0
37904,0
37908,0
37909,0
37915,0
37917,0
37918,0
37920,0
37922,0
37923,0
37925,0
37927,0
37929,0
37931,0
37934,0
37936,0
37938,0
37941,0
37943,0
37947,0
37949,0
37950,0
37953,0
37956,0
37957,0
37960,0
37965,0
37970,0
37973,0
37974,0
37975,0
37977,0
37978,0
37984,0
37991,0
37996,0
38008,0
38009,0
38010,0
38015,0
38016,0
38017,0
38020,0
38021,0
38024,0
38026,0
38031,0
38032,0
38033,0
38035,0
38037,0
38038,0
38043,0
38049,0
38050,0
38052,0
38055,0
38059,0
38062,0
38070,0
38073,0
38075,0
38079,0
38081,0
38091,0
38092,0
38101,0
38103,0
38104,0
38108,0
38111,0
38118,0
38121,0
38122,0
38131,0
38133,0
38134,0
38136,0
38142,0
38144,0
38148,0
38150,0
38151,0
38155,0
38158,0
38160,0
38161,0
38166,0
38167,0
38168,0
38170,0
38171,0
38174,0
38176,0
38178,0
38181,0
38185,0
38187,0
38188,0
38189,0
38190,0
38197,0
38199,0
38208,0
38215,0
38217,0
38218,0
38220,0
38221,0
38224,0
38225,0
38228,0
38233,0
38234,0
38239,0
38240,0
38246,0
38247,0
38260,0
38267,0
38268,0
38274,0
38275,0
38276,0
38277,0
38286,0
38288,0
38291,0
38294,0
38295,0
38300,0
38303,0
38304,0
38309,0
38310,0
38313,0
38314,0
38316,0
38317,0
38318,0
38321,0
38326,0
38329,0
38331,0
38332,0
38335,0
38336,0
38340,0
38344,0
38346,0
38347,0
38348,0
38350,0
38351,0
38364,0
38365,0
38366,0
38368,0
38378,0
38380,0
38381,0
38384,0
38393,0
38394,0
38398,0
38401,0
38403,0
38408,0
38410,0
38413,0
38415,0
38417,0
38418,0
38423,0
38425,0
38426,0
38427,0
38428,0
38429,0
38440,0
38443,0
38447,0
38448,0
38449,0
38451,0
38452,0
38453,0
38459,0
38461,0
38464,0
38473,0
38474,0
38475,0
38482,0
38487,0
38491,0
38495,0
38496,0
38509,0
38515,0
38516,0
38517,0
38519,0
38520,0
38522,0
38526,0
38527,0
38530,0
38542,0
38546,0
38551,0
38554,0
38556,0
38557,0
38564,0
38567,0
38568,0
38577,0
38578,0
38579,0
38580,0
38581,0
38593,0
38605,0
38607,0
38608,0
38609,0
38618,0
38619,0
38620,0
38625,0
38630,0
38639,0
38641,0
38648,0
38653,0
38655,0
38657,0
38658,0
38665,0
38666,0
38667,0
38668,0
38669,0
38671,0
38672,0
38673,0
38674,0
38677,0
38679,0
38680,0
38688,0
38689,0
38693,0
38695,0
38698,0
38699,0
38700,0
38706,0
38707,0
38710,0
38714,0
38719,0
38720,0
38722,0
38727,0
38729,0
38730,0
38736,0
38740,0
38744,0
38745,0
38762,0
38766,0
38768,0
38770,0
38781,0
38782,0
38783,0
38784,0
38785,0
38789,0
38790,0
38792,0
38798,0
38803,0
38804,0
38805,0
38811,0
38814,0
38820,0
38821,0
38824,0
38829,0
38831,0
38833,0
38839,0
38841,0
38843,0
38846,0
38854,0
38855,0
38857,0
38859,0
38861,0
38867,0
38871,0
38873,0
38883,0
38884,0
38889,0
38892,0
38896,0
38897,0
38899,0
38906,0
38907,0
38910,0
38913,0
38915,0
38920,0
38922,0
38926,0
38932,0
38933,0
38934,0
38939,0
38941,0
38942,0
38944,0
38947,0
38965,0
38968,0
38970,0
38976,0
38977,0
38982,0
38984,0
38990,0
38991,0
38996,0
38997,0
39011,0
39013,0
39014,0
39024,0
39027,0
39034,0
39036,0
39037,0
39038,0
39039,0
39044,0
39045,0
39053,0
39065,0
39067,0
39071,0
39077,0
39079,0
39081,0
39084,0
39085,0
39087,0
39095,0
39096,0
39097,0
39100,0
39102,0
39108,0
39125,0
39127,0
39128,0
39131,0
39135,0
39145,0
39147,0
39148,0
39149,0
39150,0
39156,0
39159,0
39161,0
39164,0
39165,0
39167,0
39169,0
39174,0
39180,0
39182,0
39187,0
39188,0
39190,0
39192,0
39197,0
39201,0
39203,0
39204,0
39205,0
39211,0
39213,0
39224,0
39228,0
39230,0
39233,0
39236,0
39237,0
39238,0
39239,0
39241,0
39249,0
39250,0
39251,0
39254,0
39255,0
39257,0
39258,0
39261,0
39262,0
39263,0
39264,0
39268,0
39280,0
39283,0
39284,0
39286,0
39288,0
39289,0
39293,0
39296,0
39297,0
39307,0
39309,0
39311,0
39312,0
39315,0
39318,0
39321,0
39322,0
39326,0
39329,0
39330,0
39334,0
39338,0
39349,0
39350,0
39351,0
39353,0
39363,0
39382,0
39386,0
39391,0
39392,0
39394,0
39396,0
39398,0
39399,0
39401,0
39403,0
39407,0
39408,0
39411,0
39412,0
39414,0
39417,0
39418,0
39419,0
39420,0
39424,0
39434,0
39436,0
39438,0
39440,0
39443,0
39444,0
39453,0
39454,0
39455,0
39457,0
39459,0
39460,0
39461,0
39462,0
39465,0
39466,0
39474,0
39476,0
39477,0
39478,0
39479,0
39480,0
39496,0
39500,0
39503,0
39505,0
39506,0
39507,0
39516,0
39518,0
39519,0
39520,0
39522,0
39529,0
39533,0
39534,0
39535,0
39536,0
39537,0
39538,0
39539,0
39550,0
39551,0
39552,0
39556,0
39557,0
39561,0
39564,0
39565,0
39571,0
39576,0
39578,0
39580,0
39583,0
39584,0
39587,0
39589,0
39596,0
39607,0
39608,0
39610,0
39613,0
39629,0
39632,0
39634,0
39637,0
39640,0
39641,0
39642,0
